WarID,PolityID,StartDate,StartDate_Prec,EndDate,EndDate_Prec,Side,IsInitiator,Outcome,Deaths
1,220,1823-04-07,Day,1823-11-13,Day,A,1,1,400
1,230,1823-04-07,Day,1823-11-13,Day,B,0,2,600
4,365,1828-04-26,Day,1829-09-14,Day,A,1,1,50000
4,640,1828-04-26,Day,1829-09-14,Day,B,0,2,80000
7,2,1846-04-25,Day,1847-09-14,Day,A,1,1,13283
7,70,1846-04-25,Day,1847-09-14,Day,B,0,2,6000
10,300,1848-03-24,Day,1848-08-09,Day,A,0,1,3927
10,300,1849-03-12,Day,1849-03-30,Day,A,0,1,3927
10,337,1848-03-29,Day,1848-08-09,Day,B,0,2,100
10,325,1848-03-24,Day,1848-08-09,Day,B,1,2,3400
10,332,1848-04-09,Day,1848-08-09,Day,B,0,2,100
10,325,1849-03-12,Day,1849-03-30,Day,B,1,2,3400
13,255,1848-04-10,Day,1848-08-26,Day,A,1,1,2500
13,255,1849-03-25,Day,1849-07-10,Day,A,1,1,2500
13,390,1848-04-10,Day,1848-08-26,Day,B,0,2,3500
13,390,1849-03-25,Day,1849-07-10,Day,B,0,2,3500
16,220,1849-04-30,Day,1849-07-02,Day,A,1,1,1000
16,329,1849-05-08,Day,1849-07-02,Day,A,0,1,100
16,300,1849-05-08,Day,1849-07-02,Day,A,0,1,100
16,327,1849-04-30,Day,1849-07-02,Day,B,0,2,1400
19,140,1851-07-19,Day,1852-02-03,Day,A,1,1,500
19,160,1851-07-19,Day,1852-02-03,Day,B,0,2,800
22,640,1853-10-23,Day,1856-03-01,Day,A,1,1,45000
22,220,1854-03-31,Day,1856-03-01,Day,A,0,1,95000
22,200,1854-03-31,Day,1856-03-01,Day,A,0,1,22000
22,325,1855-01-10,Day,1856-03-01,Day,A,0,1,2200
22,365,1853-10-23,Day,1856-03-01,Day,B,0,2,100000
25,200,1856-10-25,Day,1857-04-05,Day,A,1,1,500
25,630,1856-10-25,Day,1857-04-05,Day,B,0,2,1500
28,325,1859-04-29,Day,1859-07-12,Day,A,0,1,2500
28,220,1859-05-03,Day,1859-07-12,Day,A,0,1,7500
28,300,1859-04-29,Day,1859-07-12,Day,B,1,2,12500
31,230,1859-10-22,Day,1860-03-25,Day,A,1,1,4000
31,600,1859-10-22,Day,1860-03-25,Day,B,0,2,6000
34,325,1860-09-11,Day,1860-09-29,Day,A,1,1,300
34,327,1860-09-11,Day,1860-09-29,Day,B,0,2,700
37,325,1860-10-15,Day,1861-02-13,Day,A,1,1,600
37,329,1860-10-15,Day,1861-02-13,Day,B,0,2,400
40,70,1862-04-16,Day,1867-02-05,Day,A,0,4,12000
40,220,1862-04-16,Day,1867-02-05,Day,B,1,4,8000
43,100,1863-11-22,Day,1863-12-06,Day,A,1,1,300
43,130,1863-11-22,Day,1863-12-06,Day,B,0,2,700
46,255,1864-02-01,Day,1864-04-25,Day,A,1,1,1048
46,300,1864-02-01,Day,1864-04-25,Day,A,0,1,500
46,255,1864-06-25,Day,1864-07-20,Day,A,1,1,1048
46,300,1864-06-25,Day,1864-07-20,Day,A,0,1,500
46,390,1864-02-01,Day,1864-04-25,Day,B,0,2,2933
46,390,1864-06-25,Day,1864-07-20,Day,B,0,2,2933
49,140,1864-11-12,Day,1870-03-01,Day,A,0,1,100000
49,160,1865-03-05,Day,1870-03-01,Day,A,0,1,10000
49,150,1864-11-12,Day,1870-03-01,Day,B,1,2,200000
52,155,1865-09-25,Day,1866-05-09,Day,A,0,1,100
52,135,1866-01-14,Day,1866-05-09,Day,A,0,1,600
52,230,1865-09-25,Day,1866-05-09,Day,B,1,2,300
55,325,1866-06-20,Day,1866-07-26,Day,A,0,1,4000
55,255,1866-06-15,Day,1866-07-26,Day,A,1,1,10000
55,280,1866-06-15,Day,1866-07-26,Day,A,0,1,100
55,275,1866-06-15,Day,1866-07-26,Day,B,0,2,100
55,271,1866-06-15,Day,1866-07-26,Day,B,0,2,100
55,245,1866-06-15,Day,1866-07-26,Day,B,0,2,500
55,300,1866-06-15,Day,1866-07-26,Day,B,0,2,28000
55,273,1866-06-15,Day,1866-07-26,Day,B,0,2,100
55,269,1866-06-15,Day,1866-07-26,Day,B,0,2,600
55,267,1866-06-15,Day,1866-07-26,Day,B,0,2,100
55,240,1866-06-15,Day,1866-06-29,Day,B,0,2,500
58,271,1870-07-19,Day,1870-11-25,Day,A,0,1,976
58,267,1870-07-19,Day,1870-11-22,Day,A,0,1,956
58,255,1870-07-19,Day,1871-02-26,Day,A,0,1,44781
58,245,1870-07-19,Day,1870-11-15,Day,A,0,1,5600
58,220,1870-07-19,Day,1871-02-26,Day,B,1,2,152000
60,90,1876-03-27,Day,1876-04-25,Day,A,1,1,2000
60,92,1876-03-27,Day,1876-04-25,Day,B,0,2,2000
61,365,1877-04-24,Day,1878-01-31,Day,A,1,1,120000
61,640,1877-04-24,Day,1878-01-31,Day,B,0,2,165000
64,155,1879-02-14,Day,1883-12-11,Day,A,1,1,3276
64,135,1879-04-05,Day,1883-10-23,Day,B,0,2,9672
64,145,1879-02-14,Day,1883-12-11,Day,B,0,2,920
65,200,1882-07-11,Day,1882-09-15,Day,A,1,1,79
65,651,1882-07-11,Day,1882-09-15,Day,B,0,2,10000
67,220,1884-06-15,Day,1885-06-09,Day,A,1,1,2100
67,710,1884-06-15,Day,1885-06-09,Day,B,0,2,10000
70,92,1885-03-28,Day,1885-04-15,Day,A,0,1,200
70,90,1885-03-28,Day,1885-04-15,Day,B,1,2,800
73,740,1894-07-25,Day,1895-03-30,Day,A,1,1,5000
73,710,1894-07-25,Day,1895-03-30,Day,B,0,2,10000
76,640,1897-02-15,Day,1897-05-19,Day,A,0,1,1400
76,350,1897-02-15,Day,1897-05-19,Day,B,1,2,600
79,2,1898-04-22,Day,1898-08-12,Day,A,1,1,2910
79,230,1898-04-22,Day,1898-08-12,Day,B,0,2,775
82,365,1900-06-17,Day,1900-08-14,Day,A,1,1,302
82,740,1900-06-17,Day,1900-08-14,Day,A,1,1,622
82,2,1900-06-17,Day,1900-08-14,Day,A,1,1,21
82,200,1900-06-17,Day,1900-08-14,Day,A,1,1,34
82,220,1900-06-17,Day,1900-08-14,Day,A,1,1,24
82,710,1900-06-17,Day,1900-08-14,Day,B,0,2,2000
83,365,1900-07-17,Day,1900-10-10,Day,A,1,1,242
83,710,1900-07-17,Day,1900-10-10,Day,B,0,2,3758
85,740,1904-02-08,Day,1905-09-15,Day,A,1,1,80378
85,365,1904-02-08,Day,1905-09-15,Day,B,0,2,71453
88,90,1906-05-27,Day,1906-07-20,Day,A,1,1,400
88,91,1906-05-27,Day,1906-07-20,Day,B,0,2,300
88,92,1906-05-27,Day,1906-07-20,Day,B,0,2,300
91,93,1907-02-19,Day,1907-04-23,Day,A,1,1,400
91,92,1907-02-19,Day,1907-04-23,Day,B,0,2,300
91,91,1907-02-19,Day,1907-04-23,Day,B,0,2,300
94,230,1909-07-07,Day,1910-03-23,Day,A,1,1,2000
94,600,1909-07-07,Day,1910-03-23,Day,B,0,2,8000
97,325,1911-09-29,Day,1912-10-18,Day,A,1,1,6000
97,640,1911-09-29,Day,1912-10-18,Day,B,0,2,14000
100,350,1912-10-17,Day,1913-04-19,Day,A,0,1,5000
100,355,1912-10-17,Day,1912-12-03,Day,A,0,1,32000
100,345,1912-10-17,Day,1912-12-03,Day,A,1,1,15000
100,355,1913-02-03,Day,1913-04-19,Day,A,0,1,32000
100,345,1913-02-03,Day,1913-04-19,Day,A,1,1,15000
100,640,1912-10-17,Day,1913-04-19,Day,B,0,2,30000
103,640,1913-07-15,Day,1913-07-30,Day,A,0,1,20000
103,345,1913-06-30,Day,1913-07-30,Day,A,0,1,18500
103,350,1913-06-30,Day,1913-07-30,Day,A,0,1,2500
103,360,1913-07-11,Day,1913-07-30,Day,A,0,1,1500
103,355,1913-06-30,Day,1913-07-30,Day,B,1,2,18000
106,345,1914-07-29,Day,1918-11-11,Day,A,0,1,70000
106,365,1914-08-01,Day,1917-12-05,Day,A,0,1,1700000
106,200,1914-08-05,Day,1918-11-11,Day,A,0,1,908371
106,740,1914-08-23,Day,1918-11-11,Day,A,0,1,300
106,211,1914-08-04,Day,1918-11-11,Day,A,0,1,13716
106,220,1914-08-03,Day,1918-11-11,Day,A,0,1,1385000
106,325,1915-05-23,Day,1918-11-11,Day,A,0,1,650000
106,235,1916-03-01,Day,1918-11-11,Day,A,0,1,7222
106,360,1916-08-27,Day,1917-12-09,Day,A,0,1,335706
106,350,1917-06-29,Day,1918-11-11,Day,A,0,1,5000
106,2,1917-04-17,Day,1918-11-11,Day,A,0,1,116516
106,640,1914-10-28,Day,1918-10-30,Day,B,0,2,325000
106,255,1914-08-01,Day,1918-11-11,Day,B,0,2,1773700
106,300,1914-07-29,Day,1918-11-03,Day,B,1,2,1200000
106,355,1915-10-12,Day,1918-09-29,Day,B,0,2,87500
107,366,1918-11-22,Day,1920-01-03,Day,A,0,1,3600
107,375,1918-12-30,Day,1920-01-03,Day,A,0,1,150
107,365,1918-11-22,Day,1920-01-03,Day,B,1,2,8000
108,255,1918-12-07,Day,1919-04-15,Day,A,0,8,450
108,367,1918-12-02,Day,1920-02-01,Day,A,0,1,3046
108,366,1919-01-01,Day,1920-01-03,Day,A,0,1,1000
108,365,1918-12-02,Day,1920-02-01,Day,B,1,2,8000
108,255,1919-04-16,Day,1919-07-13,Day,B,0,2,750
109,290,1919-02-14,Day,1920-10-18,Day,A,0,1,40000
109,365,1919-02-14,Day,1920-10-18,Day,B,1,2,60000
112,315,1919-04-26,Day,1919-08-04,Day,A,0,1,2000
112,360,1919-04-16,Day,1919-08-04,Day,A,1,1,3000
112,310,1919-04-16,Day,1919-08-04,Day,B,0,2,6000
115,640,1919-05-05,Day,1922-10-11,Day,A,0,1,20000
115,350,1919-05-05,Day,1922-10-11,Day,B,1,2,30000
116,220,1919-11-01,Day,1921-10-20,Day,A,1,3,5000
116,640,1919-11-01,Day,1921-10-20,Day,B,0,3,35000
117,290,1920-07-15,Day,1920-12-01,Day,A,1,1,500
117,368,1920-07-15,Day,1920-12-01,Day,B,0,2,500
118,365,1929-08-17,Day,1929-12-03,Day,A,1,1,200
118,710,1929-08-17,Day,1929-12-03,Day,B,0,2,3000
121,740,1931-12-19,Day,1933-05-22,Day,A,1,1,10000
121,710,1931-12-19,Day,1933-05-22,Day,B,0,2,50000
124,150,1932-06-15,Day,1935-06-12,Day,A,0,1,36000
124,145,1932-06-15,Day,1935-06-12,Day,B,1,2,56661
125,670,1934-03-20,Day,1934-05-13,Day,A,1,1,100
125,678,1934-03-20,Day,1934-05-13,Day,B,0,2,2000
127,325,1935-10-03,Day,1936-05-09,Day,A,1,1,4000
127,530,1935-10-03,Day,1936-05-09,Day,B,0,2,16000
130,740,1937-07-07,Day,1941-12-06,Day,A,1,1,250000
130,710,1937-07-07,Day,1941-12-06,Day,B,0,2,750000
133,740,1938-07-29,Day,1938-08-11,Day,A,1,2,526
133,365,1938-07-29,Day,1938-08-11,Day,B,0,1,1200
136,365,1939-05-11,Day,1939-09-16,Day,A,0,1,5000
136,712,1939-05-11,Day,1939-09-16,Day,A,0,1,3000
136,740,1939-05-11,Day,1939-09-16,Day,B,1,2,20000
139,20,1939-09-10,Day,1945-08-14,Day,A,0,1,41992
139,200,1939-09-03,Day,1945-08-14,Day,A,0,1,418765
139,900,1939-09-03,Day,1945-08-14,Day,A,0,1,33826
139,920,1939-09-03,Day,1945-08-14,Day,A,0,1,12200
139,290,1939-09-01,Day,1939-09-27,Day,A,0,1,320000
139,220,1939-09-03,Day,1940-06-22,Day,A,0,1,210824
139,560,1939-09-06,Day,1945-08-14,Day,A,0,1,8700
139,211,1940-05-10,Day,1940-05-28,Day,A,0,1,9600
139,385,1940-04-09,Day,1940-06-09,Day,A,0,1,3000
139,210,1940-05-10,Day,1940-05-14,Day,A,0,1,7900
139,350,1940-10-25,Day,1941-04-23,Day,A,0,1,18300
139,345,1941-04-06,Day,1941-04-17,Day,A,0,1,305000
139,2,1941-12-07,Day,1945-08-14,Day,A,0,1,405400
139,365,1941-06-22,Day,1945-05-07,Day,A,0,1,7500000
139,710,1941-12-07,Day,1945-08-14,Day,A,0,1,1350000
139,530,1941-01-24,Day,1941-07-03,Day,A,0,1,5000
139,325,1943-10-18,Day,1945-05-07,Day,A,0,1,52400
139,360,1944-09-09,Day,1945-05-07,Day,A,0,1,10000
139,355,1944-09-09,Day,1945-05-07,Day,A,0,1,1000
139,140,1944-07-06,Day,1945-05-07,Day,A,0,1,1000
139,220,1944-10-23,Day,1945-08-14,Day,A,0,1,210824
139,712,1945-08-10,Day,1945-08-14,Day,A,0,1,3000
139,365,1945-08-08,Day,1945-08-14,Day,A,0,1,7500000
139,255,1939-09-01,Day,1945-05-07,Day,B,1,2,3500000
139,220,1940-07-07,Day,1941-07-14,Day,B,0,2,2500
139,325,1940-06-10,Day,1943-09-02,Day,B,0,2,174500
139,310,1941-06-27,Day,1945-01-20,Day,B,0,2,136000
139,375,1941-06-25,Day,1944-09-19,Day,B,0,2,65000
139,360,1941-06-22,Day,1944-08-23,Day,B,0,2,290000
139,355,1941-12-13,Day,1944-09-08,Day,B,0,2,9000
139,740,1941-12-07,Day,1945-08-14,Day,B,0,2,1740000
142,365,1939-11-30,Day,1940-03-12,Day,A,1,1,126875
142,375,1939-11-30,Day,1940-03-12,Day,B,0,2,24923
145,800,1940-12-01,Day,1941-01-28,Day,A,1,1,700
145,220,1940-12-01,Day,1941-01-28,Day,B,0,2,700
147,750,1947-10-26,Day,1949-01-01,Day,A,1,6,2500
147,770,1947-10-26,Day,1949-01-01,Day,B,0,6,1000
148,666,1948-05-15,Day,1948-07-18,Day,A,0,1,3000
148,666,1948-10-15,Day,1949-01-07,Day,A,0,1,3000
148,651,1948-05-15,Day,1948-07-18,Day,B,0,2,2000
148,652,1948-05-15,Day,1948-07-18,Day,B,0,2,1000
148,660,1948-05-15,Day,1948-07-18,Day,B,0,2,500
148,663,1948-05-15,Day,1948-07-18,Day,B,1,2,1000
148,645,1948-05-15,Day,1948-07-18,Day,B,0,2,500
148,651,1948-10-15,Day,1949-01-07,Day,B,0,2,2000
148,652,1948-10-15,Day,1948-10-31,Day,B,0,2,1000
148,660,1948-10-15,Day,1948-10-31,Day,B,0,2,500
148,663,1948-10-15,Day,1948-10-31,Day,B,1,2,1000
148,645,1948-10-15,Day,1948-10-31,Day,B,0,2,500
151,20,1950-12-19,Day,1953-07-27,Day,A,0,6,309
151,200,1950-08-29,Day,1953-07-27,Day,A,0,6,710
151,640,1950-10-18,Day,1953-07-27,Day,A,0,6,717
151,840,1950-09-16,Day,1953-07-27,Day,A,0,6,92
151,900,1950-12-10,Day,1953-07-27,Day,A,0,6,291
151,732,1950-06-24,Day,1953-07-27,Day,A,0,6,113248
151,2,1950-06-27,Day,1953-07-27,Day,A,0,6,54487
151,211,1951-01-20,Day,1953-07-27,Day,A,0,6,97
151,100,1951-06-06,Day,1953-07-27,Day,A,0,6,140
151,210,1951-01-20,Day,1953-07-27,Day,A,0,6,111
151,350,1951-01-20,Day,1953-07-27,Day,A,0,6,169
151,220,1951-01-01,Day,1953-07-27,Day,A,0,6,288
151,800,1951-01-20,Day,1953-07-27,Day,A,0,6,114
151,530,1951-05-01,Day,1953-07-27,Day,A,0,6,120
151,710,1950-10-27,Day,1953-07-27,Day,B,0,6,422612
151,731,1950-06-24,Day,1953-07-27,Day,B,1,6,316579
153,710,1954-09-03,Day,1955-04-23,Day,A,1,1,1003
153,713,1954-09-03,Day,1955-04-23,Day,B,0,2,1367
155,220,1956-10-31,Day,1956-11-06,Day,A,0,1,10
155,666,1956-10-29,Day,1956-11-06,Day,A,1,1,189
155,200,1956-10-31,Day,1956-11-06,Day,A,0,1,22
155,651,1956-10-29,Day,1956-11-06,Day,B,0,2,3000
156,365,1956-11-04,Day,1956-11-14,Day,A,1,1,1500
156,310,1956-11-04,Day,1956-11-14,Day,B,0,2,926
158,230,1957-11-21,Day,1958-04-10,Day,A,0,1,122
158,220,1958-02-10,Day,1958-04-10,Day,A,0,1,0
158,600,1957-11-21,Day,1958-04-10,Day,B,1,2,1000
159,710,1958-08-23,Day,1958-11-23,Day,A,1,6,300
159,713,1958-08-23,Day,1958-11-23,Day,B,0,6,1500
160,710,1962-10-20,Day,1962-11-22,Day,A,1,1,500
160,750,1962-10-20,Day,1962-11-22,Day,B,0,2,1353
163,816,1965-02-07,Day,1975-04-30,Day,A,0,1,700000
163,2,1965-02-07,Day,1973-01-27,Day,B,1,2,58153
163,732,1965-05-01,Day,1973-01-28,Day,B,0,2,4687
163,817,1965-02-07,Day,1975-04-30,Day,B,0,2,254257
163,900,1965-02-07,Day,1972-12-20,Day,B,0,2,494
163,840,1966-10-01,Day,1973-01-28,Day,B,0,2,1000
163,800,1967-10-01,Day,1973-01-28,Day,B,0,2,351
163,811,1970-03-01,Day,1975-04-17,Day,B,0,2,2500
166,770,1965-08-05,Day,1965-09-23,Day,A,1,1,3800
166,750,1965-08-05,Day,1965-09-23,Day,B,0,2,3261
169,666,1967-06-05,Day,1967-06-10,Day,A,1,1,1000
169,651,1967-06-05,Day,1967-06-10,Day,B,0,2,10000
169,663,1967-06-05,Day,1967-06-10,Day,B,0,2,6100
169,652,1967-06-05,Day,1967-06-10,Day,B,0,2,2500
170,816,1968-01-13,Day,1973-04-17,Day,A,1,1,2250
170,2,1968-01-13,Day,1973-04-17,Day,B,0,2,375
170,812,1968-01-13,Day,1973-04-17,Day,B,0,2,11250
170,800,1970-03-17,Day,1973-04-17,Day,B,0,2,
172,666,1969-03-06,Day,1970-08-07,Day,A,0,6,368
172,651,1969-03-06,Day,1970-08-07,Day,B,1,6,5000
175,92,1969-07-14,Day,1969-07-18,Day,A,1,1,700
175,91,1969-07-14,Day,1969-07-18,Day,B,0,2,1200
176,816,1970-03-23,Day,1971-07-02,Day,A,1,4,400
176,2,1970-05-01,Day,1971-07-02,Day,B,0,4,125
176,811,1970-03-23,Day,1971-07-02,Day,B,0,4,5000
176,817,1970-05-01,Day,1971-07-02,Day,B,0,4,1000
178,750,1971-12-03,Day,1971-12-17,Day,A,0,1,3241
178,770,1971-12-03,Day,1971-12-17,Day,B,1,2,7982
181,666,1973-10-06,Day,1973-10-24,Day,A,0,1,2838
181,651,1973-10-06,Day,1973-10-24,Day,B,1,2,7700
181,670,1973-10-10,Day,1973-10-24,Day,B,0,2,100
181,663,1973-10-10,Day,1973-10-24,Day,B,0,2,23
181,652,1973-10-06,Day,1973-10-24,Day,B,1,2,3500
181,645,1973-10-06,Day,1973-10-24,Day,B,0,2,278
184,640,1974-07-20,Day,1974-07-29,Day,A,1,1,1000
184,640,1974-08-14,Day,1974-08-16,Day,A,1,1,1000
184,352,1974-07-20,Day,1974-07-29,Day,B,0,2,500
184,352,1974-08-14,Day,1974-08-16,Day,B,0,2,500
186,40,1975-10-23,Day,1976-02-12,Day,A,0,4,1500
186,540,1975-11-11,Day,1976-02-12,Day,A,0,4,1000
186,560,1975-10-23,Day,1976-02-12,Day,B,1,4,100
186,490,1975-10-23,Day,1976-02-12,Day,B,0,4,100
187,530,1977-07-23,Day,1978-03-09,Day,A,0,4,1800
187,40,1977-11-23,Day,1978-03-09,Day,A,0,4,700
187,520,1977-07-23,Day,1978-03-09,Day,B,1,4,8000
189,816,1977-09-24,Day,1979-01-08,Day,A,0,4,3000
189,811,1977-09-24,Day,1979-01-08,Day,B,1,4,5000
190,510,1978-10-28,Day,1979-04-11,Day,A,0,1,1000
190,500,1978-10-28,Day,1979-04-11,Day,B,1,2,1500
190,620,1979-02-01,Day,1979-04-11,Day,B,0,2,500
193,710,1979-02-17,Day,1979-03-16,Day,A,1,1,13000
193,816,1979-02-17,Day,1979-03-16,Day,B,0,2,8000
199,630,1980-09-22,Day,1988-08-20,Day,A,0,6,750000
199,645,1980-09-22,Day,1988-08-20,Day,B,1,6,500000
202,200,1982-03-25,Day,1982-06-15,Day,A,0,1,255
202,160,1982-03-25,Day,1982-06-15,Day,B,1,2,746
205,666,1982-04-21,Day,1982-09-15,Day,A,1,6,455
205,652,1982-04-21,Day,1982-09-15,Day,B,0,6,1200
207,483,1986-11-15,Day,1987-09-11,Day,A,1,1,1000
207,620,1986-11-15,Day,1987-09-11,Day,B,0,2,7000
208,710,1987-01-05,Day,1987-02-06,Day,A,1,6,1800
208,816,1987-01-05,Day,1987-02-06,Day,B,0,6,2200
211,690,1990-08-02,Day,1991-04-11,Day,A,0,1,1000
211,2,1991-01-16,Day,1991-04-11,Day,A,0,1,376
211,20,1991-01-16,Day,1991-04-11,Day,A,0,1,0
211,200,1991-01-16,Day,1991-04-11,Day,A,0,1,24
211,325,1991-01-16,Day,1991-04-11,Day,A,0,1,0
211,600,1991-01-16,Day,1991-04-11,Day,A,0,1,0
211,651,1991-01-16,Day,1991-04-11,Day,A,0,1,14
211,698,1991-01-16,Day,1991-04-11,Day,A,0,1,0
211,220,1991-01-16,Day,1991-04-11,Day,A,0,1,2
211,696,1991-01-16,Day,1991-04-11,Day,A,0,1,6
211,694,1991-01-16,Day,1991-04-11,Day,A,0,1,0
211,670,1991-01-16,Day,1991-04-11,Day,A,0,1,44
211,652,1991-01-16,Day,1991-04-11,Day,A,0,1,0
211,645,1990-08-02,Day,1991-04-11,Day,B,1,2,40000
215,344,1992-04-07,Day,1992-05-13,Day,A,0,4,500
215,346,1992-04-07,Day,1992-05-13,Day,A,0,4,2850
215,345,1992-04-07,Day,1992-05-13,Day,B,1,4,1890
216,371,1993-02-06,Day,1994-05-12,Day,A,1,1,5500
216,373,1993-02-06,Day,1994-05-12,Day,B,0,2,8500
217,135,1995-01-09,Day,1995-02-27,Day,A,0,3,950
217,130,1995-01-09,Day,1995-02-27,Day,B,1,3,550
219,531,1998-05-06,Day,2000-12-12,Day,A,1,6,50000
219,530,1998-05-06,Day,2000-12-12,Day,B,0,6,70000
221,640,1999-03-24,Day,1999-06-10,Day,A,1,1,0
221,325,1999-03-24,Day,1999-06-10,Day,A,1,1,0
221,200,1999-03-24,Day,1999-06-10,Day,A,1,1,0
221,2,1999-03-24,Day,1999-06-10,Day,A,1,1,2
221,210,1999-03-24,Day,1999-06-10,Day,A,1,1,0
221,220,1999-03-24,Day,1999-06-10,Day,A,1,1,0
221,255,1999-03-24,Day,1999-06-10,Day,A,1,1,0
221,345,1999-03-24,Day,1999-06-10,Day,B,0,2,5000
223,750,1999-05-08,Day,1999-07-17,Day,A,0,1,474
223,770,1999-05-08,Day,1999-07-17,Day,B,1,2,698
225,20,2001-11-15,Day,2001-12-22,Day,A,0,4,0
225,220,2001-10-21,Day,2001-12-22,Day,A,0,4,0
225,200,2001-10-07,Day,2001-12-22,Day,A,1,4,0
225,2,2001-10-07,Day,2001-12-22,Day,A,1,4,2
225,900,2001-10-17,Day,2001-12-22,Day,A,0,4,0
225,700,2001-10-07,Day,2001-12-22,Day,B,0,4,4000
227,900,2003-03-19,Day,2003-05-02,Day,A,1,4,0
227,200,2003-03-19,Day,2003-05-02,Day,A,1,4,33
227,2,2003-03-19,Day,2003-05-02,Day,A,1,4,140
227,645,2003-03-19,Day,2003-05-02,Day,B,0,4,7000
300,210,1816-08-26,Day,1816-08-30,Day,A,1,1,13
300,200,1816-08-26,Day,1816-08-30,Day,A,1,1,129
300,615,1816-08-26,Day,1816-08-30,Day,B,0,2,6000
300,10000,1816-08-26,Day,1816-08-30,Day,B,0,2,6000
301,640,1816-09-01,Month,1818-09-11,Day,A,1,1,13500
301,10001,1816-09-01,Month,1818-09-11,Day,B,0,2,14000
302,230,1817-01-09,Day,1818-04-05,Day,A,0,2,1700
302,10002,1817-01-09,Day,1818-04-05,Day,B,1,1,1140
303,230,1817-04-11,Day,1819-08-10,Day,A,1,2,3000
303,10003,1817-04-11,Day,1819-08-10,Day,B,0,1,2000
304,230,1817-08-15,Day,1818-01-01,Day,A,0,1,1000
304,10004,1817-08-15,Day,1818-01-01,Day,B,1,2,1000
305,200,1817-10-01,Month,1818-11-26,Day,A,0,1,1000
305,10005,1817-10-01,Month,1818-11-26,Day,B,1,2,10000
306,200,1817-11-06,Day,1818-06-03,Day,A,0,1,2800
306,10006,1817-11-06,Day,1818-06-03,Day,B,1,2,2000
307,640,1820-01-01,Year,1821-06-01,Month,A,1,1,4000
307,10007,1820-01-01,Year,1821-06-01,Month,B,0,2,2500
308,230,1821-04-28,Day,1822-05-24,Day,A,0,2,1000
308,10003,1821-04-28,Day,1822-05-24,Day,B,1,1,500
309,640,1821-08-01,Month,1822-05-01,Month,A,0,6,1000
309,10008,1821-08-01,Month,1822-05-01,Month,B,1,6,
310,200,1823-09-24,Day,1826-02-24,Day,A,0,1,15000
310,10009,1823-09-24,Day,1826-02-24,Day,B,1,2,15000
311,200,1824-01-20,Day,1826-08-07,Day,A,0,1,1400
311,10010,1824-01-20,Day,1826-08-07,Day,B,1,2,5000
312,230,1824-02-04,Day,1825-04-02,Day,A,0,2,2000
312,10011,1824-02-04,Day,1825-04-02,Day,B,1,1,400
313,210,1825-07-23,Day,1830-03-28,Day,A,0,1,15000
313,10012,1825-07-23,Day,1830-03-28,Day,B,1,2,200000
314,200,1825-11-23,Day,1826-01-18,Day,A,0,1,400
314,10013,1825-11-23,Day,1826-01-18,Day,B,1,2,4500
315,140,1826-01-01,Day,1828-10-27,Day,A,0,2,4000
315,160,1826-01-01,Day,1828-10-27,Day,B,1,1,2000
315,10014,1826-01-01,Day,1828-10-27,Day,B,1,1,2000
316,365,1826-09-28,Day,1828-02-28,Day,A,0,1,5000
316,10008,1826-09-28,Day,1828-02-28,Day,B,1,2,2000
317,230,1829-07-16,Day,1829-09-11,Day,A,1,2,1700
317,70,1829-07-16,Day,1829-09-11,Day,B,0,1,135
317,10015,1829-07-16,Day,1829-09-11,Day,B,0,1,135
319,220,1830-06-12,Day,1830-07-05,Day,A,1,1,600
319,615,1830-06-12,Day,1830-07-05,Day,B,0,2,3000
319,10000,1830-06-12,Day,1830-07-05,Day,B,0,2,3000
320,640,1832-06-01,Month,1837-01-01,Year,A,0,1,
320,10016,1832-06-01,Month,1837-01-01,Year,B,1,2,800
321,200,1838-04-17,Day,1838-04-01,Month,A,1,2,800
321,10017,1838-04-17,Day,1838-04-01,Month,B,0,1,
322,200,1839-02-14,Day,1842-10-12,Day,A,1,2,20000
322,700,1839-02-14,Day,1842-10-12,Day,B,0,1,
322,10018,1839-02-14,Day,1842-10-12,Day,B,0,1,
323,200,1839-09-04,Day,1842-08-29,Day,A,1,1,450
323,710,1839-09-04,Day,1842-08-29,Day,B,0,2,2000
323,10019,1839-09-04,Day,1842-08-29,Day,B,0,2,2000
324,220,1839-11-01,Day,1847-12-23,Day,A,0,1,15000
324,10020,1839-11-01,Day,1847-12-23,Day,B,1,2,20000
325,135,1841-10-19,Day,1841-11-28,Day,A,0,2,600
325,145,1841-10-19,Day,1841-11-28,Day,B,1,1,400
325,10021,1841-10-19,Day,1841-11-28,Day,B,1,1,400
326,200,1843-01-06,Day,1843-06-14,Day,A,1,1,200
326,10022,1843-01-06,Day,1843-06-14,Day,B,0,2,4000
327,160,1843-02-16,Day,1851-07-18,Day,A,1,4,1500
327,165,1843-02-16,Day,1851-07-18,Day,B,0,4,3500
327,10023,1843-02-16,Day,1851-07-18,Day,B,0,4,3500
327,200,1845-01-01,Month,1849-03-06,Day,B,1,4,400
327,220,1845-01-01,Month,1849-05-24,Day,B,1,4,600
329,200,1843-12-28,Day,1843-12-29,Day,A,1,1,106
329,10024,1843-12-28,Day,1843-12-29,Day,B,0,2,1330
330,220,1844-08-06,Day,1844-09-10,Day,A,1,1,200
330,600,1844-08-06,Day,1844-09-10,Day,B,0,2,800
330,10025,1844-08-06,Day,1844-09-10,Day,B,0,2,800
331,200,1845-12-13,Day,1846-02-10,Day,A,0,1,1500
331,10026,1845-12-13,Day,1846-02-10,Day,B,1,2,7000
332,365,1846-02-01,Month,1846-03-03,Day,A,0,1,
332,255,1846-02-01,Month,1846-03-03,Day,A,0,1,
332,300,1846-02-15,Day,1846-03-03,Day,A,0,1,1000
332,10027,1846-02-15,Day,1846-03-03,Day,B,1,2,1000
333,200,1846-04-16,Day,1847-12-23,Day,A,1,1,1000
333,10028,1846-04-16,Day,1847-12-23,Day,B,0,2,2000
334,210,1848-04-12,Day,1848-06-21,Day,A,1,6,300
334,210,1849-04-02,Day,1849-06-14,Day,A,1,6,300
334,10029,1848-04-12,Day,1848-06-21,Day,B,0,6,2000
334,10029,1849-04-02,Day,1849-06-14,Day,B,0,6,2000
335,200,1848-05-18,Day,1849-03-10,Day,A,1,1,1500
335,10026,1848-05-18,Day,1849-03-10,Day,B,0,2,5000
336,200,1849-10-20,Day,1849-10-22,Day,A,1,1,0
336,10030,1849-10-20,Day,1849-10-22,Day,B,0,2,2800
337,200,1850-12-24,Day,1852-04-08,Day,A,1,1,1400
337,10031,1850-12-24,Day,1852-04-08,Day,B,0,2,6000
338,640,1851-04-21,Day,1851-07-09,Day,A,0,1,
338,10032,1851-04-21,Day,1851-07-09,Day,B,1,2,1600
339,200,1852-04-05,Day,1852-11-20,Day,A,1,1,400
339,10009,1852-04-05,Day,1852-11-20,Day,B,0,2,800
340,220,1854-01-01,Year,1857-07-15,Day,A,0,6,100
340,10033,1854-01-01,Year,1857-07-15,Day,B,1,6,2000
341,200,1855-01-01,Year,1856-01-01,Year,A,0,1,
341,10034,1855-01-01,Year,1856-01-01,Year,B,1,2,15000
342,640,1856-01-22,Day,1856-02-22,Day,A,0,6,1700
342,10035,1856-01-22,Day,1856-02-22,Day,B,1,6,15000
343,200,1856-10-22,Day,1860-10-24,Day,A,1,1,200
343,220,1856-10-22,Day,1860-10-24,Day,A,1,1,100
343,710,1856-10-22,Day,1860-10-24,Day,B,0,2,3000
343,10019,1856-10-22,Day,1860-10-24,Day,B,0,2,3000
345,220,1856-05-17,Day,1857-12-01,Month,A,1,1,1000
345,10036,1856-05-17,Day,1857-12-01,Month,B,0,2,
347,200,1857-05-10,Day,1859-04-07,Day,A,0,1,11000
347,10037,1857-05-10,Day,1859-04-07,Day,B,1,2,11500
349,220,1858-08-31,Day,1862-06-05,Day,A,1,1,1500
349,816,1858-08-31,Day,1862-06-05,Day,B,0,2,2500
349,10038,1858-08-31,Day,1862-06-05,Day,B,0,2,2500
350,210,1859-02-20,Day,1860-01-20,Day,A,1,1,500
350,10039,1859-02-20,Day,1860-01-20,Day,B,0,2,500
351,160,1859-05-29,Day,1859-10-23,Day,A,1,1,500
351,10040,1859-05-29,Day,1859-10-23,Day,B,0,2,500
352,329,1860-05-11,Day,1860-10-14,Day,A,0,4,4500
352,10041,1860-05-11,Day,1860-10-14,Day,B,1,4,1500
353,230,1863-04-01,Month,1865-05-03,Day,A,1,2,28000
353,10042,1863-04-01,Month,1865-05-03,Day,B,0,1,4000
355,200,1863-06-04,Day,1866-01-14,Day,A,1,1,700
355,10043,1863-06-04,Day,1866-01-14,Day,B,0,2,2000
356,2,1863-06-25,Day,1864-09-07,Day,A,0,1,5
356,220,1863-06-25,Day,1864-09-07,Day,A,0,1,6
356,200,1864-07-05,Day,1864-09-07,Day,A,0,1,13
356,210,1864-07-05,Day,1864-09-07,Day,A,0,1,2
356,10044,1863-06-25,Day,1864-09-07,Day,B,1,2,1000
357,200,1863-10-20,Day,1863-12-21,Day,A,1,1,900
357,10045,1863-10-20,Day,1863-12-21,Day,B,0,2,1500
359,365,1864-04-24,Day,1865-06-17,Day,A,1,1,120
359,10046,1864-04-24,Day,1865-06-17,Day,B,0,2,1500
360,200,1865-01-01,Month,1865-11-11,Day,A,1,1,100
360,760,1865-01-01,Month,1865-11-11,Day,B,0,2,900
360,10047,1865-01-01,Month,1865-11-11,Day,B,0,2,900
361,365,1866-01-12,Day,1866-10-18,Day,A,1,1,100
361,10048,1866-01-12,Day,1866-10-18,Day,B,0,2,1000
362,200,1867-12-01,Month,1868-04-13,Day,A,1,1,400
362,10049,1867-12-01,Month,1868-04-13,Day,B,0,2,800
363,230,1868-10-10,Day,1878-02-11,Day,A,0,1,100000
363,40,1868-10-10,Day,1878-02-11,Day,B,1,2,50000
363,10050,1868-10-10,Day,1878-02-11,Day,B,1,2,50000
364,651,1869-01-01,Year,1870-01-01,Year,A,1,2,
364,10051,1869-01-01,Year,1870-01-01,Year,B,0,1,1500
365,640,1870-11-30,Day,1872-12-30,Day,A,0,1,4000
365,10052,1870-11-30,Day,1872-12-30,Day,B,1,2,1500
366,220,1871-03-01,Month,1872-01-01,Month,A,0,1,2686
366,615,1871-03-01,Month,1872-01-01,Month,B,1,2,10000
366,10000,1871-03-01,Month,1872-01-01,Month,B,1,2,10000
367,200,1873-01-01,Month,1874-02-04,Day,A,0,1,100
367,10053,1873-01-01,Month,1874-02-04,Day,B,1,2,1400
369,220,1873-11-20,Day,1874-01-01,Year,A,1,3,400
369,816,1873-11-20,Day,1874-01-01,Year,B,0,3,600
369,10038,1873-11-20,Day,1874-01-01,Year,B,0,3,600
370,210,1873-03-26,Day,1878-10-13,Day,A,0,1,12000
370,10054,1873-03-26,Day,1878-10-13,Day,B,1,2,11000
371,365,1875-08-09,Day,1876-02-28,Day,A,0,1,100
371,10046,1875-08-09,Day,1876-02-28,Day,B,1,2,4800
372,651,1875-09-01,Month,1876-03-09,Day,A,1,2,4250
372,530,1875-09-01,Month,1876-03-09,Day,B,0,1,4550
372,10055,1875-09-01,Month,1876-03-09,Day,B,0,1,4550
373,640,1876-06-30,Day,1877-04-23,Day,A,0,4,
373,10056,1876-06-30,Day,1877-04-23,Day,B,1,4,5000
374,200,1877-08-01,Month,1878-06-01,Month,A,0,1,200
374,10057,1877-08-01,Month,1878-06-01,Month,B,1,2,3700
375,651,1878-02-01,Month,1879-07-01,Month,A,1,1,
375,10058,1878-02-01,Month,1879-07-01,Month,B,0,2,4000
376,365,1878-05-01,Month,1881-01-24,Day,A,1,1,2000
376,10059,1878-05-01,Month,1881-01-24,Day,B,0,2,8000
377,300,1878-07-29,Day,1878-10-01,Day,A,1,1,3500
377,10060,1878-07-29,Day,1878-10-01,Day,B,0,2,2500
379,200,1878-11-21,Day,1879-05-26,Day,A,1,1,10000
379,200,1879-09-03,Day,1880-09-02,Day,A,1,1,10000
379,700,1878-11-21,Day,1879-05-26,Day,B,0,2,11000
379,10018,1878-11-21,Day,1879-05-26,Day,B,0,2,11000
379,700,1879-09-03,Day,1880-09-02,Day,B,0,2,11000
379,10018,1879-09-03,Day,1880-09-02,Day,B,0,2,11000
380,200,1879-01-11,Day,1879-07-04,Day,A,1,1,2500
380,10061,1879-01-11,Day,1879-07-04,Day,B,0,2,8000
381,200,1880-09-01,Month,1881-04-01,Month,A,1,1,
381,10062,1880-09-01,Month,1881-04-01,Month,B,0,2,1400
382,200,1880-12-16,Day,1881-04-05,Day,A,0,2,900
382,10063,1880-12-16,Day,1881-04-05,Day,B,1,1,100
383,220,1881-06-01,Month,1882-04-04,Day,A,0,1,3500
383,616,1881-06-01,Month,1882-04-04,Day,B,1,2,
383,10064,1881-06-01,Month,1882-04-04,Day,B,1,2,
384,651,1881-08-01,Month,1882-09-15,Day,A,0,2,5000
384,200,1881-08-01,Month,1885-03-22,Day,A,0,2,25000
384,10065,1881-08-01,Month,1885-03-22,Day,B,1,1,17000
385,220,1882-04-25,Day,1884-06-14,Day,A,1,4,4500
385,10066,1882-04-25,Day,1884-06-14,Day,B,0,4,2000
385,710,1883-12-14,Day,1884-06-14,Day,B,1,4,1000
386,220,1883-05-07,Day,1885-12-12,Day,A,1,1,300
386,10067,1883-05-07,Day,1885-12-12,Day,B,0,2,700
387,200,1885-11-10,Day,1889-01-01,Year,A,1,1,3000
387,10009,1885-11-10,Day,1889-01-01,Year,B,0,2,3000
389,220,1885-01-01,Year,1886-01-01,Year,A,1,1,1000
389,10068,1885-01-01,Year,1886-01-01,Year,B,0,2,
390,365,1885-03-30,Day,1885-04-01,Month,A,1,3,1000
390,700,1885-03-30,Day,1885-04-01,Month,B,0,3,
390,10018,1885-03-30,Day,1885-04-01,Month,B,0,3,
391,345,1885-11-02,Day,1885-12-07,Day,A,1,2,2000
391,355,1885-11-02,Day,1885-12-07,Day,B,0,1,3000
391,10069,1885-11-02,Day,1885-12-07,Day,B,0,1,3000
392,325,1887-01-24,Day,1887-03-01,Month,A,1,3,1000
392,530,1887-01-24,Day,1887-03-01,Month,B,0,3,400
392,10055,1887-01-24,Day,1887-03-01,Month,B,0,3,400
393,235,1888-01-01,Year,1888-01-01,Year,A,1,1,
393,10070,1888-01-01,Year,1888-01-01,Year,B,0,2,6000
394,220,1890-03-01,Day,1890-04-20,Day,A,1,1,200
394,10071,1890-03-01,Day,1890-04-20,Day,B,0,2,800
395,220,1890-04-01,Month,1891-02-24,Day,A,1,1,100
395,10072,1890-04-01,Month,1891-02-24,Day,B,0,2,3000
396,220,1892-09-19,Day,1893-11-09,Day,A,1,1,80
396,10071,1892-09-19,Day,1893-11-09,Day,B,0,2,1800
397,211,1892-10-01,Month,1894-02-01,Month,A,1,1,7000
397,10073,1892-10-01,Month,1894-02-01,Month,B,0,2,13000
398,200,1893-09-28,Day,1894-01-01,Year,A,0,1,200
398,10053,1893-09-28,Day,1894-01-01,Year,B,1,2,800
399,230,1893-09-29,Day,1894-03-05,Day,A,0,1,1000
399,10074,1893-09-29,Day,1894-03-05,Day,B,1,2,1500
400,325,1893-12-21,Day,1894-07-12,Day,A,0,1,270
400,10065,1893-12-21,Day,1894-07-12,Day,B,1,2,5000
401,220,1894-06-16,Day,1895-10-01,Day,A,0,1,6000
401,10067,1894-06-16,Day,1895-10-01,Day,B,1,2,2000
402,210,1894-07-01,Month,1894-11-22,Day,A,1,1,1000
402,10029,1894-07-01,Month,1894-11-22,Day,B,0,2,2000
403,235,1895-02-01,Day,1895-12-28,Day,A,1,1,50
403,10075,1895-02-01,Day,1895-12-28,Day,B,0,2,2000
404,230,1895-02-24,Day,1898-04-21,Day,A,0,4,59000
404,40,1895-02-24,Day,1898-04-21,Day,B,1,4,20000
404,10050,1895-02-24,Day,1898-04-21,Day,B,1,4,20000
405,740,1895-05-29,Day,1895-10-21,Day,A,0,1,4800
405,10076,1895-05-29,Day,1895-10-21,Day,B,1,2,7760
406,200,1895-07-03,Day,1896-04-21,Day,A,0,1,200
406,10077,1895-07-03,Day,1896-04-21,Day,B,1,2,800
407,325,1895-12-07,Day,1896-10-21,Day,A,1,2,9000
407,530,1895-12-07,Day,1896-10-21,Day,B,0,1,7000
407,10055,1895-12-07,Day,1896-10-21,Day,B,0,1,7000
409,200,1896-06-07,Day,1899-11-24,Day,A,1,1,1200
409,10065,1896-06-07,Day,1899-11-24,Day,B,0,2,18000
410,230,1896-08-30,Day,1898-05-01,Day,A,0,4,4000
410,840,1896-08-30,Day,1898-05-01,Day,B,1,4,4000
410,10078,1896-08-30,Day,1898-05-01,Day,B,1,4,4000
411,200,1897-01-06,Day,1897-02-25,Day,A,1,1,20
411,475,1897-01-06,Day,1897-02-25,Day,B,0,2,1000
411,10079,1897-01-06,Day,1897-02-25,Day,B,0,2,1000
412,200,1897-07-26,Day,1898-03-07,Day,A,0,1,1100
412,10080,1897-07-26,Day,1898-03-07,Day,B,1,2,
413,200,1898-02-01,Month,1898-05-01,Month,A,0,1,400
413,10081,1898-02-01,Month,1898-05-01,Month,B,1,2,1600
414,2,1899-02-04,Day,1902-07-04,Day,A,0,1,4500
414,840,1899-02-04,Day,1902-07-04,Day,B,1,2,16000
414,10078,1899-02-04,Day,1902-07-04,Day,B,1,2,16000
415,220,1899-07-17,Day,1900-04-22,Day,A,1,1,125
415,10082,1899-07-17,Day,1900-04-22,Day,B,0,2,900
416,200,1899-10-11,Day,1902-05-31,Day,A,0,1,22000
416,10083,1899-10-11,Day,1902-05-31,Day,B,1,2,8800
417,200,1900-04-02,Day,1900-09-30,Day,A,0,1,1000
417,10053,1900-04-02,Day,1900-09-30,Day,B,1,2,1000
419,200,1901-03-22,Day,1904-04-21,Day,A,0,1,400
419,530,1901-03-22,Day,1904-04-21,Day,A,0,1,
419,10084,1901-03-22,Day,1904-04-21,Day,B,1,2,4000
420,235,1902-01-01,Year,1903-01-01,Year,A,0,1,
420,10085,1902-01-01,Year,1903-01-01,Year,B,1,2,
421,235,1902-01-01,Year,1904-01-01,Year,A,0,6,2000
421,10086,1902-01-01,Year,1904-01-01,Year,B,1,6,2000
422,200,1903-01-29,Day,1903-07-27,Day,A,1,1,
422,10087,1903-01-29,Day,1903-07-27,Day,B,0,2,1100
423,255,1904-01-12,Day,1906-05-04,Day,A,0,1,1800
423,10088,1904-01-12,Day,1906-05-04,Day,B,1,2,11000
424,210,1904-01-01,Year,1907-12-01,Month,A,0,1,13000
424,10054,1904-01-01,Year,1907-12-01,Month,B,1,2,11200
425,200,1904-03-31,Day,1904-09-07,Day,A,1,1,300
425,10089,1904-03-31,Day,1904-09-07,Day,B,0,2,2500
426,255,1905-07-31,Day,1906-06-01,Month,A,0,1,3440
426,10090,1905-07-31,Day,1906-06-01,Month,B,1,2,5400
427,200,1906-01-01,Month,1906-03-10,Day,A,0,1,80
427,10091,1906-01-01,Month,1906-03-10,Day,B,1,2,2000
429,200,1906-03-05,Day,1906-06-10,Day,A,0,1,56
429,10061,1906-03-05,Day,1906-06-10,Day,B,1,2,2300
430,235,1907-01-01,Year,1910-01-01,Year,A,1,1,100
430,10092,1907-01-01,Year,1910-01-01,Year,B,0,2,5000
431,220,1907-07-30,Day,1910-01-01,Year,A,1,1,150
431,10093,1907-07-30,Day,1910-01-01,Year,B,0,2,3000
432,740,1907-08-01,Day,1910-08-16,Day,A,0,1,136
432,730,1907-08-01,Day,1910-08-16,Day,B,1,2,17600
432,10094,1907-08-01,Day,1910-08-16,Day,B,1,2,17600
433,220,1909-05-01,Month,1911-01-01,Year,A,1,1,4000
433,10095,1909-05-01,Month,1911-01-01,Year,B,0,2,8000
434,220,1912-03-31,Day,1912-09-06,Day,A,0,1,200
434,10096,1912-03-31,Day,1912-09-06,Day,B,1,2,3400
435,710,1912-03-01,Month,1913-01-01,Month,A,0,2,2000
435,10089,1912-03-01,Month,1913-01-01,Month,B,1,1,
436,220,1913-03-26,Day,1915-05-16,Day,A,1,7,900
436,230,1913-06-01,Month,1914-12-01,Month,A,0,7,
436,10096,1913-03-26,Day,1915-05-16,Day,B,0,7,1000
436,10096,1913-06-01,Month,1914-12-01,Month,B,1,7,
437,2,1913-06-11,Day,1913-10-22,Day,A,1,1,50
437,10097,1913-06-11,Day,1913-10-22,Day,B,0,2,1500
440,710,1918-01-07,Day,1918-08-01,Month,A,1,6,1000
440,10089,1918-01-07,Day,1918-08-01,Month,B,0,6,500
441,2,1918-10-17,Day,1920-05-19,Day,A,0,1,98
441,10098,1918-10-17,Day,1920-05-19,Day,B,1,2,2004
442,200,1919-05-03,Day,1919-08-08,Day,A,0,3,1136
442,700,1919-05-03,Day,1919-08-08,Day,B,1,3,1000
442,10018,1919-05-03,Day,1919-08-08,Day,B,1,3,1000
443,200,1919-05-26,Day,1920-03-01,Month,A,0,1,800
443,10099,1919-05-26,Day,1920-03-01,Month,B,1,2,1600
444,220,1920-03-01,Month,1920-08-07,Day,A,1,1,3500
444,10100,1920-03-01,Month,1920-08-07,Day,B,0,2,
445,200,1920-06-05,Day,1920-10-17,Day,A,0,1,1040
445,645,1920-06-05,Day,1920-10-17,Day,B,1,2,8500
445,10101,1920-06-05,Day,1920-10-17,Day,B,1,2,8500
446,710,1920-10-10,Day,1921-08-22,Day,A,0,1,4000
446,365,1921-05-28,Day,1921-08-22,Day,A,0,1,
446,10102,1920-10-10,Day,1921-08-22,Day,B,1,2,1000
447,325,1923-03-23,Day,1931-09-12,Day,A,0,1,5000
447,10103,1923-03-23,Day,1931-09-12,Day,B,1,2,35000
449,230,1921-06-01,Day,1926-05-27,Day,A,1,1,50000
449,220,1925-04-12,Day,1926-05-27,Day,A,0,1,10000
449,10104,1921-06-01,Day,1926-05-27,Day,B,0,2,10000
450,200,1921-08-20,Day,1922-02-01,Month,A,0,1,50
450,10105,1921-08-20,Day,1922-02-01,Month,B,1,2,2400
451,220,1925-07-18,Day,1927-05-27,Day,A,0,1,4000
451,10106,1925-07-18,Day,1927-05-27,Day,B,1,2,2000
452,220,1930-02-09,Day,1931-01-01,Year,A,0,1,1
452,10107,1930-02-09,Day,1931-01-01,Year,B,1,2,1000
453,200,1930-12-22,Day,1932-06-01,Month,A,0,1,140
453,10108,1930-12-22,Day,1932-06-01,Month,B,1,2,1000
454,200,1936-04-20,Day,1936-10-01,Month,A,0,1,126
454,200,1937-08-01,Month,1939-01-01,Month,A,0,1,126
454,10109,1936-04-20,Day,1936-10-01,Month,B,1,2,2450
454,10109,1937-08-01,Month,1939-01-01,Month,B,1,2,2450
455,200,1936-11-25,Day,1938-01-08,Day,A,0,1,200
455,10110,1936-11-25,Day,1938-01-08,Day,B,1,2,10000
456,200,1945-11-10,Day,1946-10-15,Day,A,0,3,1000
456,210,1945-11-10,Day,1946-10-15,Day,A,0,3,800
456,850,1945-11-10,Day,1946-10-15,Day,B,1,3,3600
456,10111,1945-11-10,Day,1946-10-15,Day,B,1,3,3600
457,220,1946-11-20,Day,1954-06-01,Day,A,0,2,94500
457,10112,1946-11-20,Day,1954-06-01,Day,B,1,1,175000
459,220,1947-03-29,Day,1948-12-01,Day,A,0,1,1000
459,580,1947-03-29,Day,1948-12-01,Day,B,1,2,11200
459,10113,1947-03-29,Day,1948-12-01,Day,B,1,2,11200
460,200,1948-06-18,Day,1957-08-31,Day,A,0,1,2400
460,10114,1948-06-18,Day,1957-08-31,Day,B,1,2,6700
461,750,1948-09-13,Day,1948-09-17,Day,A,1,1,10
461,10115,1948-09-13,Day,1948-09-17,Day,B,0,2,1200
462,710,1950-05-01,Month,1950-10-28,Day,A,1,1,10000
462,10089,1950-05-01,Month,1950-10-28,Day,B,0,2,3200
463,220,1952-01-18,Day,1954-07-31,Day,A,0,2,2000
463,616,1952-01-18,Day,1954-07-31,Day,B,1,1,1000
463,10064,1952-01-18,Day,1954-07-31,Day,B,1,1,1000
464,200,1952-10-20,Day,1956-10-01,Month,A,0,1,600
464,10116,1952-10-20,Day,1956-10-01,Month,B,1,2,16500
465,220,1953-08-20,Day,1956-03-12,Day,A,0,2,2000
465,600,1953-08-20,Day,1956-03-12,Day,B,1,1,1000
465,10025,1953-08-20,Day,1956-03-12,Day,B,1,1,1000
466,220,1954-11-01,Day,1962-03-17,Day,A,0,2,18000
466,615,1954-11-01,Day,1962-03-17,Day,B,1,1,14000
466,10000,1954-11-01,Day,1962-03-17,Day,B,1,1,14000
467,220,1957-01-01,Day,1958-01-05,Day,A,0,1,1000
467,10117,1957-01-01,Day,1958-01-05,Day,B,1,2,900
469,235,1961-02-03,Day,1974-10-14,Day,A,0,4,4000
469,540,1961-02-03,Day,1974-10-14,Day,B,1,4,25000
469,10118,1961-02-03,Day,1974-10-14,Day,B,1,4,25000
471,235,1964-09-25,Day,1975-06-25,Day,A,0,2,3500
471,541,1964-09-25,Day,1975-06-25,Day,B,1,1,10000
471,10119,1964-09-25,Day,1975-06-25,Day,B,1,1,10000
472,850,1975-10-16,Day,1976-07-17,Day,A,1,4,12500
472,10120,1975-10-16,Day,1976-07-17,Day,B,0,4,20000
473,560,1975-10-17,Day,1988-12-13,Day,A,1,2,1100
473,10121,1975-10-17,Day,1988-12-13,Day,B,0,1,19000
474,600,1975-12-11,Day,1983-12-23,Day,A,0,7,9500
474,435,1975-12-11,Day,1979-08-05,Day,A,0,7,2000
474,10122,1975-12-11,Day,1983-12-23,Day,B,1,7,4000
474,615,1976-01-27,Day,1976-03-06,Day,B,1,7,500
475,816,1979-01-09,Day,1989-09-25,Day,A,1,4,25300
475,811,1979-01-09,Day,1989-09-25,Day,A,0,4,15000
475,10123,1979-01-09,Day,1989-09-25,Day,B,0,4,
476,365,1980-02-22,Day,1989-02-15,Day,A,0,4,40000
476,700,1980-02-22,Day,1989-02-15,Day,A,0,4,30000
476,10124,1980-02-22,Day,1989-02-15,Day,B,1,4,50000
477,640,1991-08-04,Day,1992-03-25,Day,A,1,6,300
477,10125,1991-08-04,Day,1992-03-25,Day,B,0,6,2000
479,640,1997-05-14,Day,1997-06-14,Day,A,1,6,100
479,10125,1997-05-14,Day,1997-06-14,Day,B,0,6,2500
480,666,2000-09-28,Day,2003-09-09,Day,A,0,1,900
480,10109,2000-09-28,Day,2003-09-09,Day,B,1,2,3400
481,220,2001-12-23,Day,,Ongoing,A,1,5,12
481,900,2001-12-23,Day,,Ongoing,A,1,5,6
481,255,2001-12-23,Day,,Ongoing,A,1,5,25
481,200,2001-12-23,Day,,Ongoing,A,1,5,110
481,20,2001-12-23,Day,,Ongoing,A,1,5,88
481,2,2001-12-23,Day,,Ongoing,A,1,5,552
481,700,2001-12-23,Day,,Ongoing,A,1,5,1600
481,10126,2001-12-23,Day,,Ongoing,B,0,5,12000
482,900,2003-05-03,Day,,Ongoing,A,1,5,1
482,2,2003-05-03,Day,,Ongoing,A,1,5,3985
482,200,2003-05-03,Day,,Ongoing,A,1,5,143
482,210,2004-03-01,Month,2005-03-01,Month,A,0,5,2
482,230,2004-03-01,Month,2004-04-28,Day,A,0,5,11
482,290,2004-03-01,Month,2006-03-31,Day,A,0,5,23
482,325,2004-03-01,Month,,Ongoing,A,0,5,33
482,369,2004-03-01,Month,2005-10-01,Month,A,0,5,18
482,645,2004-06-28,Day,,Ongoing,A,0,5,10800
482,732,2004-09-25,Day,,Ongoing,A,0,5,1
482,10127,2003-05-03,Day,,Ongoing,B,0,5,20000
500,365,1818-06-10,Day,1822-01-01,Year,A,0,1,5000
500,10151,1818-06-10,Day,1822-01-01,Year,B,1,2,6000
501,10128,1820-06-01,Month,1821-07-21,Day,A,1,2,
501,10152,1820-06-01,Month,1821-07-21,Day,B,0,1,
502,329,1820-07-02,Day,1821-03-23,Day,A,0,1,
502,300,1821-03-01,Month,1821-03-23,Day,A,0,1,
502,10153,1820-07-02,Day,1821-03-23,Day,B,1,2,
503,230,1821-12-01,Day,1823-04-06,Day,A,0,4,
503,10154,1821-12-01,Day,1823-04-06,Day,B,1,4,
505,300,1821-03-10,Day,1821-05-08,Day,A,0,1,
505,325,1821-03-10,Day,1821-05-08,Day,A,0,1,
505,10155,1821-03-10,Day,1821-05-08,Day,B,1,2,
506,640,1821-03-25,Day,1828-04-25,Day,A,0,4,6000
506,10156,1821-03-25,Day,1828-04-25,Day,B,1,4,3000
506,365,1827-10-20,Day,1828-04-25,Day,B,0,4,60
506,220,1827-10-20,Day,1827-10-27,Day,B,0,4,40
506,200,1827-10-20,Day,1827-10-27,Day,B,0,4,80
507,651,1824-03-20,Day,1824-04-01,Month,A,0,1,
507,10129,1824-03-20,Day,1824-04-01,Month,A,0,1,
507,10157,1824-03-20,Day,1824-04-01,Month,B,1,2,
508,640,1826-06-14,Day,1826-09-30,Day,A,0,1,300
508,10158,1826-06-14,Day,1826-09-30,Day,B,1,2,6000
510,235,1828-07-11,Day,1834-05-26,Day,A,0,2,12000
510,10159,1828-07-11,Day,1834-05-26,Day,B,1,1,8000
510,200,1831-07-01,Day,1834-05-26,Day,B,0,1,100
511,365,1830-01-01,Year,1832-10-17,Day,A,0,1,1000
511,10160,1830-01-01,Year,1832-10-17,Day,B,1,2,500
512,640,1830-02-01,Month,1831-11-01,Month,A,0,1,5000
512,10161,1830-02-01,Month,1831-11-01,Month,B,1,2,10000
513,220,1830-07-25,Day,1830-07-29,Day,A,0,2,400
513,10153,1830-07-25,Day,1830-07-29,Day,B,1,1,1800
515,210,1830-08-25,Day,1830-11-04,Day,A,0,2,500
515,10162,1830-08-25,Day,1830-11-04,Day,B,1,1,600
516,651,1831-01-01,Year,1832-01-01,Year,A,1,2,1500
516,10129,1831-01-01,Year,1832-01-01,Year,A,1,2,1500
516,10163,1831-01-01,Year,1832-01-01,Year,B,0,1,
517,365,1831-02-07,Day,1831-10-18,Day,A,0,1,15000
517,10164,1831-02-07,Day,1831-10-18,Day,B,1,2,20000
518,640,1831-10-01,Day,1832-12-27,Day,A,0,2,8000
518,10165,1831-10-01,Day,1832-12-27,Day,B,1,1,4000
520,70,1832-01-02,Day,1832-12-11,Day,A,0,2,
520,10153,1832-01-02,Day,1832-12-11,Day,B,1,1,
521,10109,1834-04-19,Day,1834-10-01,Month,A,1,2,1500
521,651,1834-04-19,Day,1834-10-01,Month,B,0,1,500
521,10129,1834-04-19,Day,1834-10-01,Month,B,0,1,500
522,230,1834-07-15,Day,1840-07-15,Day,A,0,1,65000
522,235,1835-10-15,Day,1836-02-15,Day,A,0,1,50
522,220,1835-10-31,Day,1839-01-17,Day,A,0,1,7700
522,200,1835-07-10,Day,1837-09-01,Day,A,0,1,2500
522,10166,1834-07-15,Day,1840-07-15,Day,B,1,2,60000
523,365,1834-09-26,Day,1834-10-27,Day,A,0,7,
523,10167,1834-09-26,Day,1834-10-27,Day,B,1,7,
525,140,1835-01-06,Day,1837-05-01,Month,A,0,1,
525,10168,1835-01-06,Day,1837-05-01,Month,B,1,2,
526,140,1835-09-19,Day,1845-03-01,Day,A,0,1,
526,10169,1835-09-19,Day,1845-03-01,Day,B,1,2,
527,70,1835-10-01,Day,1836-04-22,Day,A,0,2,1500
527,10170,1835-10-01,Day,1836-04-22,Day,B,1,1,700
528,640,1836-01-01,Year,1837-01-01,Year,A,0,1,
528,10171,1836-01-01,Year,1837-01-01,Year,B,1,2,
530,365,1836-07-01,Month,1852-01-01,Year,A,0,1,15000
530,10167,1836-07-01,Month,1852-01-01,Year,B,1,2,
531,140,1837-11-07,Day,1838-03-13,Day,A,0,1,600
531,10172,1837-11-07,Day,1838-03-13,Day,B,1,2,1200
532,10130,1837-09-27,Day,1838-08-22,Day,A,0,1,15000
532,10106,1837-09-27,Day,1838-08-22,Day,B,1,2,
533,640,1839-06-10,Day,1839-06-24,Day,A,1,2,2000
533,651,1839-06-10,Day,1839-06-24,Day,B,0,1,1000
533,10129,1839-06-10,Day,1839-06-24,Day,B,0,1,1000
535,10131,1840-05-27,Day,1840-07-13,Day,A,0,2,3500
535,10173,1840-05-27,Day,1840-07-13,Day,B,1,1,1000
536,100,1840-07-15,Day,1842-07-15,Day,A,0,2,
536,10174,1840-07-15,Day,1842-07-15,Day,B,1,1,
537,640,1840-09-09,Day,1840-11-27,Day,A,0,1,8000
537,200,1840-09-09,Day,1840-11-27,Day,A,1,1,14
537,651,1840-09-09,Day,1840-11-27,Day,B,0,2,19000
537,10129,1840-09-09,Day,1840-11-27,Day,B,0,2,19000
538,160,1841-01-01,Day,1842-12-06,Day,A,0,1,300
538,10175,1841-01-01,Day,1842-12-06,Day,B,1,2,3000
540,640,1841-01-01,Year,1841-01-01,Year,A,0,1,
540,10171,1841-01-01,Year,1841-01-01,Year,B,1,2,
541,70,1841-09-04,Day,1841-10-06,Day,A,0,2,
541,10176,1841-09-04,Day,1841-10-06,Day,B,1,1,
542,640,1842-12-19,Day,1843-01-13,Day,A,1,1,1600
542,10177,1842-12-19,Day,1843-01-13,Day,B,0,2,3000
543,10132,1845-04-30,Day,1845-05-31,Day,A,1,2,2000
543,10106,1845-04-30,Day,1845-05-31,Day,B,0,1,1000
545,10133,1847-01-15,Day,1848-08-16,Day,A,1,4,
545,10178,1847-01-15,Day,1848-08-16,Day,B,0,4,1800
546,230,1847-05-15,Day,1849-05-01,Day,A,0,1,3000
546,10166,1847-05-15,Day,1849-05-01,Day,B,1,2,7000
547,329,1848-05-15,Day,1849-05-15,Day,A,0,1,1500
547,329,1848-01-12,Day,1848-01-27,Day,A,0,1,1500
547,10153,1848-05-15,Day,1849-05-15,Day,B,1,2,
547,10153,1848-01-12,Day,1848-01-27,Day,B,1,2,
548,101,1848-02-04,Day,1849-08-15,Day,A,0,1,1500
548,10179,1848-02-04,Day,1849-08-15,Day,B,1,2,
550,300,1848-03-13,Day,1848-10-31,Day,A,0,1,249
550,10180,1848-03-13,Day,1848-10-31,Day,B,1,2,3000
551,300,1848-03-18,Day,1848-03-23,Day,A,0,4,600
551,10181,1848-03-18,Day,1848-03-23,Day,B,1,4,430
552,220,1848-06-23,Day,1848-06-26,Day,A,0,1,1200
552,10182,1848-06-23,Day,1848-06-26,Day,B,1,2,1600
553,70,1848-08-17,Day,1855-03-04,Day,A,1,1,
553,10183,1848-08-17,Day,1855-03-04,Day,B,0,2,
554,300,1848-09-09,Day,1849-08-13,Day,A,0,1,46000
554,365,1849-07-16,Day,1849-08-13,Day,A,0,1,14500
554,310,1848-09-09,Day,1849-08-13,Day,B,1,2,20000
554,10184,1848-09-09,Day,1849-08-13,Day,B,1,2,20000
555,155,1851-09-05,Day,1851-12-15,Day,A,0,1,1500
555,10153,1851-09-05,Day,1851-12-15,Day,B,1,2,2500
556,640,1852-12-02,Day,1853-03-13,Day,A,1,2,
556,10185,1852-12-02,Day,1853-03-13,Day,B,0,1,
557,135,1853-12-21,Day,1855-01-07,Day,A,0,2,
557,10153,1853-12-21,Day,1855-01-07,Day,B,1,1,
558,70,1855-12-11,Day,1856-03-21,Day,A,0,1,600
558,10186,1855-12-11,Day,1856-03-21,Day,B,1,2,3000
560,135,1856-10-31,Day,1858-03-07,Day,A,0,1,
560,10187,1856-10-31,Day,1858-03-07,Day,B,1,2,
561,70,1858-02-15,Day,1861-01-01,Day,A,0,4,
561,10153,1858-02-15,Day,1861-01-01,Day,B,1,4,
562,640,1858-05-04,Day,1859-06-01,Day,A,0,2,3000
562,10188,1858-05-04,Day,1859-06-01,Day,B,1,1,1400
563,101,1859-02-01,Day,1863-05-23,Day,A,0,2,15000
563,10153,1859-02-01,Day,1863-05-23,Day,B,1,1,5000
565,100,1860-05-15,Day,1861-07-18,Day,A,0,2,
565,10153,1860-05-15,Day,1861-07-18,Day,B,1,1,
566,10132,1860-05-26,Day,1860-07-12,Day,A,1,2,8000
566,10106,1860-05-26,Day,1860-07-12,Day,B,0,1,1500
567,710,1860-10-25,Day,1866-02-09,Day,A,0,1,26000
567,200,1862-03-01,Day,1862-08-01,Day,A,0,1,25
567,10189,1860-10-25,Day,1866-02-09,Day,B,1,2,85000
568,710,1860-10-25,Day,1868-08-16,Day,A,0,1,
568,10190,1860-10-25,Day,1868-08-16,Day,B,1,2,
570,710,1860-10-25,Day,1872-05-01,Day,A,0,1,
570,10191,1860-10-25,Day,1872-05-01,Day,B,1,2,
571,710,1860-10-25,Day,1872-12-26,Day,A,0,1,
571,10192,1860-10-25,Day,1872-12-26,Day,B,1,2,
572,2,1861-04-10,Day,1865-04-09,Day,A,0,1,360000
572,10193,1861-04-10,Day,1865-04-09,Day,B,1,2,258000
573,160,1861-08-20,Day,1861-12-02,Day,A,0,2,500
573,10040,1861-08-20,Day,1861-12-02,Day,B,1,1,500
575,640,1861-12-01,Month,1862-08-31,Day,A,1,3,
575,341,1861-12-01,Month,1862-08-31,Day,B,0,3,
575,10194,1861-12-01,Month,1862-08-31,Day,B,0,3,
576,710,1862-05-01,Month,1873-10-24,Day,A,0,1,
576,10195,1862-05-01,Month,1873-10-24,Day,B,1,2,
577,10134,1862-08-17,Day,1862-09-26,Day,A,1,2,217
577,10196,1862-08-17,Day,1862-09-26,Day,B,0,1,851
578,145,1862-09-15,Day,1862-09-15,Day,A,0,1,
578,10197,1862-09-15,Day,1862-09-15,Day,B,1,2,
580,365,1863-01-22,Day,1864-04-19,Day,A,0,1,10000
580,10164,1863-01-22,Day,1864-04-19,Day,B,1,2,6500
581,160,1863-04-02,Day,1863-11-12,Day,A,0,1,
581,10198,1863-04-02,Day,1863-11-12,Day,B,1,2,
582,710,1864-07-01,Month,1871-07-03,Day,A,0,2,
582,365,1871-06-24,Day,1871-07-03,Day,A,0,2,
582,10199,1864-07-01,Month,1871-07-03,Day,B,1,1,
583,640,1866-05-29,Day,1867-02-22,Day,A,0,1,
583,10200,1866-05-29,Day,1867-02-22,Day,B,1,2,
585,710,1866-10-01,Month,1866-10-01,Month,A,0,1,
585,10201,1866-10-01,Month,1866-10-01,Month,B,1,2,
586,160,1866-12-15,Day,1867-10-15,Day,A,0,1,
586,10198,1866-12-15,Day,1867-10-15,Day,B,1,2,
587,70,1867-02-06,Day,1867-05-14,Day,A,0,2,1500
587,10153,1867-02-06,Day,1867-05-14,Day,B,1,1,1000
588,740,1868-01-03,Day,1868-07-04,Day,A,1,1,
588,10202,1868-01-03,Day,1868-07-04,Day,B,0,2,
590,101,1868-01-11,Day,1868-08-14,Day,A,0,2,
590,101,1869-08-14,Day,1871-01-07,Day,A,0,2,
590,10187,1868-01-11,Day,1868-08-14,Day,B,1,1,
590,10187,1869-08-14,Day,1871-01-07,Day,B,1,1,
591,230,1868-09-18,Day,1868-09-29,Day,A,0,2,
591,10153,1868-09-18,Day,1868-09-29,Day,B,1,1,
592,41,1869-02-01,Month,1869-12-18,Day,A,0,2,
592,10203,1869-02-01,Month,1869-12-18,Day,B,1,1,
593,160,1870-05-20,Day,1871-03-13,Day,A,0,1,
593,10204,1870-05-20,Day,1871-03-13,Day,B,1,2,
595,145,1870-11-24,Day,1871-01-15,Day,A,0,2,
595,10205,1870-11-24,Day,1871-01-15,Day,B,1,1,
596,220,1871-04-02,Day,1871-05-29,Day,A,0,1,879
596,10206,1871-04-02,Day,1871-05-29,Day,B,1,2,25000
597,230,1872-04-20,Day,1876-02-20,Day,A,0,1,7000
597,10166,1872-04-20,Day,1876-02-20,Day,B,1,2,43000
598,230,1874-01-01,Year,1875-01-01,Month,A,0,1,
598,10207,1874-01-01,Year,1875-01-01,Month,B,1,2,
600,160,1874-09-01,Month,1874-11-06,Day,A,0,1,
600,10208,1874-09-01,Month,1874-11-06,Day,B,1,2,
601,640,1875-06-30,Day,1876-06-29,Day,A,0,4,6000
601,10209,1875-06-30,Day,1876-06-29,Day,B,1,4,3000
602,70,1876-03-01,Month,1876-11-23,Day,A,0,2,1900
602,10210,1876-03-01,Month,1876-11-23,Day,B,1,1,
603,710,1876-04-01,Month,1877-12-01,Day,A,1,1,
603,10199,1876-04-01,Month,1877-12-01,Day,B,0,2,
605,100,1876-07-26,Day,1877-07-01,Day,A,0,1,2100
605,10187,1876-07-26,Day,1877-07-01,Day,B,1,2,1770
607,740,1877-01-29,Day,1877-09-24,Day,A,0,1,7000
607,10211,1877-01-29,Day,1877-09-24,Day,B,1,2,10000
608,160,1879-04-06,Day,1880-07-08,Day,A,1,1,200
608,10212,1879-04-06,Day,1880-07-08,Day,B,0,2,1500
610,160,1880-06-21,Day,1880-07-21,Day,A,0,1,400
610,10040,1880-06-21,Day,1880-07-21,Day,B,1,2,800
611,41,1883-03-27,Day,1884-01-08,Day,A,0,1,8000
611,10153,1883-03-27,Day,1884-01-08,Day,B,1,2,100
612,100,1884-11-15,Day,1885-08-26,Day,A,0,1,300
612,10153,1884-11-15,Day,1885-08-26,Day,B,1,2,700
613,135,1885-03-02,Day,1885-05-25,Day,A,0,1,200
613,10212,1885-03-02,Day,1885-05-25,Day,B,1,2,2000
616,640,1890-04-01,Month,1892-09-01,Month,A,0,1,
616,10213,1890-04-01,Month,1892-09-01,Month,B,1,2,
617,155,1891-01-07,Day,1891-08-29,Day,A,0,2,1000
617,10214,1891-01-07,Day,1891-08-29,Day,B,1,1,700
618,710,1891-11-11,Day,1891-12-27,Day,A,0,1,500
618,10215,1891-11-11,Day,1891-12-27,Day,B,1,2,10000
620,140,1893-02-02,Day,1894-08-31,Day,A,0,1,1500
620,10216,1893-02-02,Day,1894-08-31,Day,B,1,2,
621,140,1893-09-06,Day,1894-04-16,Day,A,0,1,1000
621,10217,1893-09-06,Day,1894-04-16,Day,B,1,2,
623,730,1894-09-14,Day,1894-11-28,Day,A,0,1,
623,730,1894-02-28,Day,1894-05-06,Day,A,0,1,
623,740,1894-10-24,Day,1894-11-28,Day,A,0,1,
623,10218,1894-09-14,Day,1894-11-28,Day,B,1,2,
623,10218,1894-02-28,Day,1894-05-06,Day,B,1,2,
625,135,1894-10-15,Day,1895-03-19,Day,A,0,2,
625,10153,1894-10-15,Day,1895-03-19,Day,B,1,1,
626,100,1895-01-22,Day,1895-03-15,Day,A,0,1,400
626,10153,1895-01-22,Day,1895-03-15,Day,B,1,2,800
627,130,1895-02-18,Day,1895-09-22,Day,A,0,2,900
627,10219,1895-02-18,Day,1895-09-22,Day,B,1,1,100
628,710,1895-04-01,Month,1896-04-01,Month,A,0,1,
628,10220,1895-04-01,Month,1896-04-01,Month,B,1,2,
630,640,1895-10-01,Month,1896-01-01,Year,A,0,1,
630,10106,1895-10-01,Month,1896-01-01,Year,B,1,2,
631,640,1896-03-10,Day,1897-02-14,Day,A,0,4,
631,10221,1896-03-10,Day,1897-02-14,Day,B,1,4,
632,140,1896-10-01,Day,1897-10-05,Day,A,1,1,2200
632,10222,1896-10-01,Day,1897-10-05,Day,B,0,2,3000
633,101,1899-05-24,Day,1899-10-22,Day,A,0,2,1200
633,10223,1899-05-24,Day,1899-10-22,Day,B,1,1,900
635,70,1899-07-21,Day,1900-01-18,Day,A,0,1,100
635,10224,1899-07-21,Day,1900-01-18,Day,B,1,2,1500
636,100,1899-10-17,Day,1902-11-21,Day,A,0,1,47000
636,10153,1899-10-17,Day,1902-11-21,Day,B,1,2,53000
638,101,1901-12-19,Day,1903-07-19,Day,A,0,1,1000
638,10225,1901-12-19,Day,1903-07-19,Day,B,1,2,3000
640,640,1903-08-02,Day,1903-11-02,Day,A,0,1,5330
640,10226,1903-08-02,Day,1903-11-02,Day,B,1,2,1000
641,165,1904-01-01,Day,1904-09-01,Day,A,0,1,
641,10227,1904-01-01,Day,1904-09-01,Day,B,1,2,
642,640,1904-11-08,Day,1906-01-10,Day,A,0,6,30000
642,10228,1904-11-08,Day,1906-01-10,Day,B,1,6,
643,365,1905-01-22,Day,1906-01-01,Day,A,0,1,1500
643,10229,1905-01-22,Day,1906-01-01,Day,B,1,2,
645,360,1907-03-15,Day,1907-04-30,Day,A,0,1,2000
645,10230,1907-03-15,Day,1907-04-30,Day,B,1,2,
646,220,1907-08-07,Day,1908-06-15,Day,A,0,2,200
646,600,1907-08-01,Day,1908-09-01,Day,A,0,2,400
646,10231,1907-08-01,Day,1908-09-01,Day,B,1,1,800
647,630,1908-06-23,Day,1909-07-17,Day,A,0,2,
647,365,1909-04-30,Day,1909-07-17,Day,A,0,2,100
647,10159,1908-06-23,Day,1909-07-17,Day,B,1,1,
648,640,1909-04-14,Day,1909-04-28,Day,A,0,1,
648,10232,1909-04-14,Day,1909-04-28,Day,B,1,2,
650,640,1910-03-01,Month,1912-10-16,Day,A,0,4,
650,339,1910-03-01,Month,1912-10-16,Day,B,1,4,
650,10233,1910-03-01,Month,1912-10-16,Day,B,1,4,
651,640,1910-10-15,Day,1911-10-09,Day,A,0,6,7000
651,10234,1910-10-15,Day,1911-10-09,Day,B,1,6,2000
652,70,1910-11-20,Day,1914-07-15,Day,A,0,2,56250
652,10235,1910-11-20,Day,1914-07-15,Day,B,1,1,37500
656,150,1911-07-15,Day,1912-05-11,Day,A,0,2,4000
656,10182,1911-07-15,Day,1912-05-11,Day,B,1,1,1000
657,710,1911-10-11,Day,1911-12-31,Day,A,0,2,800
657,10236,1911-10-11,Day,1911-12-31,Day,B,1,1,200
658,40,1912-05-20,Day,1912-06-27,Day,A,0,1,50
658,10237,1912-05-20,Day,1912-06-27,Day,B,1,2,1000
670,130,1912-01-01,Year,1914-01-01,Year,A,0,1,
670,10238,1912-01-01,Year,1914-01-01,Year,B,1,2,
671,710,1913-07-12,Day,1913-09-01,Day,A,0,1,
671,10239,1913-07-12,Day,1913-09-01,Day,B,1,2,
672,710,1914-03-15,Day,1914-09-15,Day,A,0,1,
672,10240,1914-03-15,Day,1914-09-15,Day,B,1,2,
673,70,1914-11-19,Day,1920-07-28,Day,A,0,1,18750
673,2,1915-03-15,Day,1917-02-05,Day,A,0,1,15
673,10241,1914-11-19,Day,1920-07-28,Day,B,1,2,12500
675,710,1916-01-01,Month,1918-11-17,Day,A,0,1,
675,10242,1916-01-01,Month,1918-11-17,Day,B,1,2,
676,365,1916-07-04,Day,1917-02-27,Day,A,0,1,350
676,10243,1916-07-04,Day,1917-02-27,Day,B,1,2,1000
677,365,1917-12-09,Day,1921-03-18,Day,A,0,1,475000
677,10244,1917-12-09,Day,1921-03-18,Day,B,1,2,325000
677,740,1918-08-03,Day,1920-10-15,Day,B,0,2,1500
677,220,1918-06-23,Day,1919-09-30,Day,B,0,2,50
677,2,1918-07-01,Day,1920-04-20,Day,B,0,2,275
677,200,1918-06-23,Day,1920-03-15,Day,B,0,2,350
677,375,1919-04-15,Day,1919-04-30,Day,B,0,2,50
680,375,1918-01-28,Day,1918-04-30,Day,A,0,1,5300
680,255,1918-04-03,Day,1918-05-16,Day,A,0,1,950
680,10141,1918-01-28,Day,1918-04-30,Day,B,1,2,8500
680,365,1918-01-28,Day,1918-05-16,Day,B,0,2,400
681,10135,1918-11-01,Day,1919-02-13,Day,A,1,4,
681,10245,1918-11-01,Day,1919-02-13,Day,B,0,4,
682,10136,1919-01-06,Day,1919-05-01,Month,A,1,2,2100
682,10246,1919-01-06,Day,1919-05-01,Month,B,0,1,70
683,310,1919-03-25,Day,1920-02-15,Day,A,0,2,1000
683,10247,1919-03-25,Day,1920-02-15,Day,B,1,1,500
685,10137,1920-07-14,Day,1920-07-19,Day,A,0,2,
685,10248,1920-07-14,Day,1920-07-19,Day,B,1,1,
686,365,1920-08-01,Month,1921-08-01,Month,A,0,1,1700
686,10249,1920-08-01,Month,1921-08-01,Month,B,1,2,5000
687,630,1920-08-10,Day,1921-11-11,Day,A,0,1,
687,365,1920-08-10,Day,1921-11-11,Day,B,0,2,
687,10250,1920-08-10,Day,1921-11-11,Day,B,1,2,
688,10138,1920-10-01,Month,1922-10-01,Day,A,1,1,300
688,10251,1920-10-01,Month,1922-10-01,Day,B,0,2,3000
690,365,1921-03-07,Day,1921-03-18,Day,A,0,1,2000
690,10252,1921-03-07,Day,1921-03-18,Day,B,1,2,600
691,365,1921-11-10,Day,1923-07-01,Month,A,0,1,1000
691,10253,1921-11-10,Day,1923-07-01,Month,B,1,2,2500
692,10139,1922-04-08,Day,1922-05-05,Day,A,0,1,
692,10254,1922-04-08,Day,1922-05-05,Day,B,1,2,
693,355,1923-09-23,Day,1923-09-28,Day,A,0,1,
693,10255,1923-09-23,Day,1923-09-28,Day,B,1,2,
695,70,1923-12-04,Day,1924-02-01,Month,A,0,1,
695,10256,1923-12-04,Day,1924-02-01,Month,B,1,2,
696,91,1924-02-09,Day,1924-03-31,Day,A,0,2,
696,10187,1924-02-09,Day,1924-03-31,Day,B,1,1,
697,700,1924-03-15,Day,1925-01-15,Day,A,0,1,
697,10257,1924-03-15,Day,1925-01-15,Day,B,1,2,
698,10140,1925-10-15,Day,1926-04-20,Day,A,0,2,
698,10258,1925-10-15,Day,1926-04-20,Day,B,1,1,
700,710,1926-07-01,Day,1928-06-30,Day,A,0,2,78000
700,10259,1926-07-01,Day,1928-06-30,Day,B,1,1,48000
700,740,1927-06-01,Day,1928-06-01,Day,B,0,1,500
701,70,1926-08-31,Day,1929-06-21,Day,A,0,3,6000
701,10260,1926-08-31,Day,1929-06-21,Day,B,1,3,4000
702,530,1928-08-01,Month,1930-04-01,Month,A,0,1,
702,10261,1928-08-01,Month,1930-04-01,Month,B,1,2,
703,710,1928-01-01,Year,1930-01-01,Year,A,0,1,
703,10220,1928-01-01,Year,1930-01-01,Year,B,1,2,
705,700,1928-11-10,Day,1929-10-15,Day,A,0,1,7500
705,10262,1928-11-10,Day,1929-10-15,Day,B,1,2,7500
706,710,1929-03-01,Day,1930-11-04,Day,A,0,1,
706,10263,1929-03-01,Day,1930-11-04,Day,B,1,2,
707,70,1929-03-03,Day,1929-05-04,Day,A,0,1,400
707,10264,1929-03-03,Day,1929-05-04,Day,B,1,2,1600
708,670,1929-03-30,Day,1930-01-10,Day,A,0,1,500
708,10265,1929-03-30,Day,1930-01-10,Day,B,1,2,5000
710,710,1930-11-15,Day,1936-12-31,Day,A,0,6,200000
710,10266,1930-11-15,Day,1936-12-31,Day,B,1,6,300000
711,710,1931-02-01,Month,1934-07-07,Day,A,0,1,10000
711,365,1934-01-01,Month,1934-08-01,Month,A,0,1,1000
711,10267,1931-02-01,Month,1934-07-07,Day,B,1,2,10000
712,92,1932-01-20,Day,1932-01-29,Day,A,0,1,100
712,10251,1932-01-20,Day,1932-01-29,Day,B,1,2,2500
713,135,1932-05-07,Day,1932-07-17,Day,A,0,1,100
713,10268,1932-05-07,Day,1932-07-17,Day,B,1,2,1000
715,140,1932-06-09,Day,1932-08-31,Day,A,0,1,
715,10269,1932-06-09,Day,1932-08-31,Day,B,1,2,
716,710,1934-01-05,Day,1934-01-15,Day,A,0,1,
716,10270,1934-01-05,Day,1934-01-15,Day,B,1,2,
717,230,1934-10-04,Day,1934-10-08,Day,A,0,1,284
717,10271,1934-10-04,Day,1934-10-08,Day,B,1,2,1051
718,230,1936-07-18,Day,1939-03-29,Day,A,0,2,286000
718,325,1936-07-30,Day,1939-03-29,Day,B,0,1,4000
718,255,1936-08-27,Day,1939-03-29,Day,B,0,1,300
718,235,1936-08-01,Day,1939-03-29,Day,B,0,1,2000
718,10272,1936-07-18,Day,1939-03-29,Day,B,1,1,174000
720,200,1944-12-05,Day,1945-01-11,Day,A,0,1,237
720,350,1944-12-03,Day,1945-02-12,Day,A,0,1,17970
720,350,1946-02-12,Day,1949-10-16,Day,A,0,1,17970
720,10266,1944-12-03,Day,1945-02-12,Day,B,1,2,50000
720,10266,1946-02-12,Day,1949-10-16,Day,B,1,2,50000
721,365,1945-05-08,Day,1947-11-18,Day,A,0,1,5000
721,290,1945-05-08,Day,1947-11-18,Day,A,0,1,11000
721,10273,1945-05-08,Day,1947-11-18,Day,B,1,2,8700
722,365,1945-05-08,Day,1947-12-31,Day,A,0,1,35000
722,10273,1945-05-08,Day,1947-12-31,Day,B,1,2,
723,365,1945-05-08,Day,1951-12-31,Day,A,0,1,14700
723,10274,1945-05-08,Day,1951-12-31,Day,B,1,2,17700
725,710,1946-03-15,Day,1950-04-21,Day,A,0,2,327600
725,10266,1946-03-15,Day,1950-04-21,Day,B,1,1,872400
726,710,1947-02-28,Day,1947-03-21,Day,A,0,1,250
726,10076,1947-02-28,Day,1947-03-21,Day,B,1,2,1000
727,150,1947-03-07,Day,1947-08-20,Day,A,0,1,
727,10251,1947-03-07,Day,1947-08-20,Day,B,1,2,
728,678,1948-02-17,Day,1948-03-20,Day,A,0,1,
728,10275,1948-02-17,Day,1948-03-20,Day,B,1,2,
730,94,1948-03-12,Day,1948-04-17,Day,A,0,2,1500
730,10276,1948-03-12,Day,1948-04-17,Day,B,1,1,500
731,100,1948-04-09,Day,1958-08-07,Day,A,0,1,9800
731,10153,1948-04-09,Day,1958-08-07,Day,B,1,2,20000
732,775,1948-08-15,Day,1951-07-31,Day,A,0,1,
732,10277,1948-08-15,Day,1951-07-31,Day,B,1,2,
733,850,1950-05-31,Day,1950-11-03,Day,A,0,1,
733,10278,1950-05-31,Day,1950-11-03,Day,B,1,2,
735,840,1950-09-01,Day,1954-05-01,Month,A,0,1,1600
735,10279,1950-09-01,Day,1954-05-01,Month,B,1,2,9700
737,145,1952-04-08,Day,1952-04-11,Day,A,0,2,
737,10251,1952-04-08,Day,1952-04-11,Day,B,1,1,
738,850,1953-09-20,Day,1953-11-23,Day,A,0,1,1700
738,10280,1953-09-20,Day,1953-11-23,Day,B,1,2,1000
740,160,1955-06-15,Day,1955-09-19,Day,A,0,2,
740,10176,1955-06-15,Day,1955-09-19,Day,B,1,1,
741,710,1956-03-01,Day,1959-04-14,Day,A,0,1,4000
741,10281,1956-03-01,Day,1959-04-14,Day,B,1,2,12000
742,850,1956-12-15,Day,1962-06-04,Day,A,0,1,3700
742,10251,1956-12-15,Day,1962-06-04,Day,B,1,2,23500
743,2,1958-07-16,Day,1958-09-15,Day,A,0,1,1
743,660,1958-05-09,Day,1958-09-15,Day,A,0,1,
743,10282,1958-05-09,Day,1958-09-15,Day,B,1,2,
745,40,1958-05-24,Day,1959-01-02,Day,A,0,2,2000
745,10283,1958-05-24,Day,1959-01-02,Day,B,1,1,1000
746,775,1958-11-01,Month,1960-04-01,Month,A,0,7,850
746,10277,1958-11-01,Month,1960-04-01,Month,B,1,7,2300
747,645,1959-03-06,Day,1959-03-10,Day,A,0,1,
747,10284,1959-03-06,Day,1959-03-10,Day,B,1,2,
748,817,1960-01-01,Day,1965-02-06,Day,A,0,4,23300
748,2,1961-01-01,Day,1965-02-06,Day,A,0,4,506
748,10285,1960-01-01,Day,1965-02-06,Day,B,1,4,76900
750,490,1960-07-04,Day,1963-01-14,Day,A,0,1,
750,211,1960-07-11,Day,1960-09-14,Day,B,0,2,50
750,10286,1960-07-04,Day,1963-01-14,Day,B,1,2,
751,812,1960-10-15,Day,1962-07-15,Day,A,0,3,4000
751,10287,1960-10-15,Day,1962-07-15,Day,B,1,3,1000
751,816,1961-05-01,Day,1962-06-15,Day,B,0,3,
752,645,1961-09-11,Day,1963-11-22,Day,A,0,6,500
752,10288,1961-09-11,Day,1963-11-22,Day,B,1,6,2000
753,615,1962-07-28,Day,1963-01-15,Day,A,0,2,800
753,10289,1962-07-28,Day,1963-01-15,Day,B,1,1,700
755,678,1962-11-15,Day,1969-09-03,Day,A,0,1,
755,651,1962-12-15,Day,1967-10-16,Day,A,0,1,10000
755,10154,1962-11-15,Day,1969-09-03,Day,B,1,2,
756,812,1963-03-19,Day,1968-01-12,Day,A,0,4,11250
756,2,1964-05-19,Day,1968-01-12,Day,A,0,4,200
756,10287,1963-03-19,Day,1968-01-12,Day,B,1,4,7250
756,816,1963-03-19,Day,1968-01-12,Day,B,0,4,2250
757,530,1963-06-01,Month,1964-03-30,Day,A,0,1,
757,10290,1963-06-01,Month,1964-03-30,Day,B,1,2,
757,520,1963-11-01,Month,1964-03-30,Day,B,0,2,
758,625,1963-10-01,Day,1972-02-28,Day,A,0,3,
758,10291,1963-10-01,Day,1972-02-28,Day,B,1,3,
760,490,1963-10-01,Month,1965-01-01,Day,A,0,1,
760,10292,1963-10-01,Month,1965-01-01,Day,B,1,2,
761,517,1963-11-15,Day,1964-02-06,Day,A,0,1,100
761,10293,1963-11-15,Day,1964-02-06,Day,B,1,2,900
762,211,1964-11-24,Day,1965-09-14,Day,A,0,1,4
762,490,1964-01-01,Day,1965-09-14,Day,A,0,1,250
762,10294,1964-01-01,Day,1965-09-14,Day,B,1,2,4000
763,511,1964-01-12,Day,1964-01-15,Day,A,0,2,
763,10295,1964-01-12,Day,1964-01-15,Day,B,1,1,
765,645,1965-04-03,Day,1966-06-21,Day,A,1,3,500
765,10288,1965-04-03,Day,1966-06-21,Day,B,0,3,2500
766,2,1965-04-29,Day,1965-09-06,Day,A,0,7,27
766,42,1965-04-25,Day,1965-09-06,Day,A,0,7,2500
766,10251,1965-04-25,Day,1965-09-06,Day,B,1,7,
767,850,1965-07-26,Day,1969-07-17,Day,A,0,6,
767,10296,1965-07-26,Day,1969-07-17,Day,B,1,6,
768,500,1966-05-23,Day,1966-06-01,Day,A,0,1,
768,10297,1966-05-23,Day,1966-06-01,Day,B,1,2,
770,2,1966-10-01,Month,1968-08-01,Month,A,0,1,28
770,90,1966-10-01,Month,1968-08-01,Month,A,0,1,200
770,10251,1966-10-01,Month,1968-08-01,Month,B,1,2,800
771,483,1966-11-01,Month,1971-06-16,Day,A,0,1,500
771,220,1968-08-01,Month,1971-06-16,Day,A,0,1,50
771,10298,1966-11-01,Month,1971-06-16,Day,B,1,2,3000
772,10141,1967-01-09,Day,1967-09-04,Day,A,0,4,
772,10299,1967-01-09,Day,1967-09-04,Day,B,1,4,
773,775,1967-06-01,Month,1980-10-22,Day,A,0,7,6800
773,10277,1967-06-01,Month,1980-10-22,Day,B,1,7,22400
775,475,1967-07-06,Day,1970-01-12,Day,A,1,1,
775,10300,1967-07-06,Day,1970-01-12,Day,B,0,2,
776,710,1967-09-05,Day,1968-09-01,Day,A,0,1,
776,10141,1967-09-05,Day,1968-09-01,Day,B,1,2,
777,645,1969-01-03,Day,1970-03-11,Day,A,1,3,800
777,10288,1969-01-03,Day,1970-03-11,Day,B,0,3,3200
778,750,1970-02-01,Month,1971-11-01,Month,A,0,1,100
778,10301,1970-02-01,Month,1971-11-01,Month,B,1,2,2000
780,663,1970-09-13,Day,1970-09-24,Day,A,1,1,750
780,10109,1970-09-13,Day,1970-09-24,Day,B,0,2,2690
780,652,1970-09-20,Day,1970-09-23,Day,B,0,2,100
781,90,1970-11-15,Day,1971-09-15,Day,A,1,1,50
781,10251,1970-11-15,Day,1971-09-15,Day,B,0,2,950
782,770,1971-03-25,Day,1971-12-02,Day,A,1,4,2500
782,10302,1971-03-25,Day,1971-12-02,Day,B,0,4,
783,780,1971-04-06,Day,1971-05-16,Day,A,0,1,53
783,10303,1971-04-06,Day,1971-05-16,Day,B,1,2,4000
785,2,1971-07-03,Day,1973-08-15,Day,A,0,2,375
785,811,1971-07-03,Day,1975-04-17,Day,A,0,2,45000
785,10123,1971-07-03,Day,1975-04-17,Day,B,1,1,40000
786,840,1972-01-01,Day,1981-04-19,Day,A,0,1,10000
786,10304,1972-01-01,Day,1981-04-19,Day,B,1,2,20000
787,800,1972-01-01,Month,1973-10-15,Day,A,0,6,1500
787,10266,1972-01-01,Month,1973-10-15,Day,B,1,6,700
788,10142,1972-02-01,Month,1974-01-01,Year,A,1,6,
788,10305,1972-02-01,Month,1974-01-01,Year,B,0,6,
789,516,1972-04-29,Day,1972-05-25,Day,A,0,1,500
789,10306,1972-04-29,Day,1972-05-25,Day,B,1,2,1500
790,840,1972-10-01,Day,1992-12-31,Day,A,0,6,9000
790,10307,1972-10-01,Day,1992-12-31,Day,B,1,6,22000
791,552,1972-12-28,Day,1979-12-28,Day,A,0,2,1000
791,10308,1972-12-28,Day,1979-12-28,Day,B,1,1,10000
792,770,1973-01-23,Day,1977-07-01,Month,A,0,1,3300
792,10309,1973-01-23,Day,1977-07-01,Month,B,1,2,5300
793,155,1973-09-11,Day,1973-09-15,Day,A,0,2,400
793,10310,1973-09-11,Day,1973-09-15,Day,B,1,1,3000
795,698,1973-10-01,Month,1975-12-11,Day,A,1,1,370
795,630,1973-10-01,Month,1975-12-11,Day,A,0,1,100
795,200,1973-10-01,Month,1975-12-11,Day,A,0,1,35
795,10311,1973-10-01,Month,1975-12-11,Day,B,0,2,2500
797,645,1974-03-18,Day,1975-04-03,Day,A,1,1,7000
797,10288,1974-03-18,Day,1975-04-03,Day,B,0,2,13000
797,630,1974-03-18,Day,1975-03-06,Day,B,0,2,
798,530,1975-01-31,Day,1978-12-01,Month,A,0,1,6100
798,40,1976-12-05,Day,1978-12-01,Month,A,0,1,
798,10312,1975-01-31,Day,1978-12-01,Month,B,1,2,6400
800,160,1975-02-01,Month,1977-03-01,Month,A,0,1,250
800,10313,1975-02-01,Month,1977-03-01,Month,B,1,2,2600
801,660,1975-04-13,Day,1976-11-15,Day,A,0,3,
801,652,1976-05-31,Day,1976-11-15,Day,A,0,3,500
801,10314,1975-04-13,Day,1976-11-15,Day,B,1,3,
802,850,1976-01-01,Day,1978-04-14,Day,A,0,6,100
802,10315,1976-01-01,Day,1978-04-14,Day,B,1,6,2000
803,812,1976-04-01,Month,1979-05-01,Month,A,0,1,1000
803,816,1976-01-01,Month,1979-05-01,Month,A,0,1,1000
803,10316,1976-04-01,Month,1979-05-01,Month,B,1,2,5000
804,540,1976-02-13,Day,1991-05-15,Day,A,0,3,
804,40,1976-02-13,Day,1991-05-15,Day,A,0,3,5500
804,10317,1976-02-13,Day,1991-05-15,Day,B,1,3,
804,560,1976-02-13,Day,1989-06-01,Month,B,0,3,800
805,530,1976-07-01,Day,1977-07-22,Day,A,0,4,9000
805,40,1976-07-01,Day,1977-07-22,Day,A,0,4,1500
805,520,1976-07-01,Day,1977-07-22,Day,B,0,4,1900
805,10318,1976-07-01,Day,1977-07-22,Day,B,1,4,20000
806,850,1976-07-18,Day,1979-05-26,Day,A,0,1,1800
806,10319,1976-07-18,Day,1979-05-26,Day,B,1,2,
807,10143,1978-02-01,Day,1978-10-04,Day,A,0,6,1500
807,666,1978-03-14,Day,1978-10-04,Day,A,0,6,
807,10320,1978-02-01,Day,1978-10-04,Day,B,1,6,800
807,652,1978-02-01,Day,1978-10-04,Day,B,1,6,800
808,530,1978-03-10,Day,1980-12-03,Day,A,0,1,2000
808,40,1978-03-10,Day,1980-12-03,Day,A,0,1,
808,10321,1978-03-10,Day,1980-12-03,Day,B,1,2,20000
808,520,1980-11-22,Day,1980-12-03,Day,B,0,2,2000
809,90,1978-03-12,Day,1984-04-13,Day,A,1,1,1250
809,10322,1978-03-12,Day,1984-04-13,Day,B,0,2,4750
810,700,1978-04-27,Day,1978-04-28,Day,A,0,2,1800
810,10323,1978-04-27,Day,1978-04-28,Day,B,1,1,1200
811,211,1978-05-20,Day,1978-06-06,Day,A,0,1,
811,220,1978-05-18,Day,1978-06-06,Day,A,0,1,5
811,490,1978-05-01,Day,1978-06-06,Day,A,0,1,100
811,10324,1978-05-01,Day,1978-06-06,Day,B,1,2,900
812,700,1978-09-01,Day,1980-02-21,Day,A,0,4,11800
812,365,1979-03-15,Day,1980-02-21,Day,A,0,4,2000
812,10325,1978-09-01,Day,1980-02-21,Day,B,1,4,21200
813,630,1978-09-03,Day,1979-02-11,Day,A,1,2,100
813,10326,1978-09-03,Day,1979-02-11,Day,B,0,1,1000
815,93,1978-09-09,Day,1979-07-18,Day,A,0,2,1000
815,10327,1978-09-09,Day,1979-07-18,Day,B,1,1,3000
816,630,1979-02-12,Day,1984-03-01,Month,A,0,1,
816,10328,1979-02-12,Day,1984-03-01,Month,B,1,2,
817,92,1979-07-01,Day,1992-02-01,Day,A,0,3,
817,10329,1979-07-01,Day,1992-02-01,Day,B,1,3,
818,541,1979-10-21,Day,1992-10-04,Day,A,0,1,
818,552,1982-01-01,Year,1992-10-04,Day,A,0,1,500
818,510,1985-01-01,Year,1992-10-04,Day,A,0,1,50
818,10330,1979-10-21,Day,1992-10-04,Day,B,1,2,
820,483,1980-03-22,Day,1984-09-01,Month,A,0,2,3500
820,620,1980-12-01,Month,1981-10-01,Month,A,0,2,1000
820,620,1983-06-01,Month,1984-09-01,Month,A,0,2,1000
820,10331,1980-03-22,Day,1984-09-01,Month,B,1,1,1500
820,220,1983-08-09,Day,1984-09-01,Month,B,0,1,200
822,500,1980-12-08,Day,1986-03-19,Day,A,0,2,40000
822,10332,1980-12-08,Day,1986-03-19,Day,B,1,1,6000
823,475,1980-12-18,Day,1981-01-01,Day,A,0,1,50
823,10333,1980-12-18,Day,1981-01-01,Day,B,1,2,1000
825,652,1981-11-01,Month,1982-02-23,Day,A,0,1,1000
825,10334,1981-11-01,Month,1982-02-23,Day,B,1,2,2000
826,530,1982-01-23,Day,1991-05-28,Day,A,0,2,10000
826,10335,1982-01-23,Day,1991-05-28,Day,B,1,1,65000
827,135,1982-03-04,Day,1992-09-12,Day,A,0,1,4000
827,10336,1982-03-04,Day,1992-09-12,Day,B,1,2,12000
828,93,1982-03-18,Day,1990-04-19,Day,A,0,6,7000
828,10337,1982-03-18,Day,1990-04-19,Day,B,1,6,25200
831,552,1983-01-01,Month,1987-12-27,Day,A,1,1,
831,10338,1983-01-01,Month,1987-12-27,Day,B,0,2,
832,775,1983-02-01,Day,1988-01-01,Month,A,0,1,2800
832,10339,1983-02-01,Day,1988-01-01,Month,B,1,2,1200
833,220,1983-04-18,Day,1984-02-29,Day,A,0,2,95
833,660,1983-04-18,Day,1984-02-29,Day,A,0,2,
833,2,1983-04-18,Day,1984-02-29,Day,A,0,2,273
833,10340,1983-04-18,Day,1984-02-29,Day,B,1,1,
835,780,1983-07-25,Day,2002-02-22,Day,A,0,3,8500
835,750,1987-07-25,Day,1990-05-24,Day,A,0,3,1155
835,10341,1983-07-25,Day,2002-02-22,Day,B,1,3,17000
836,625,1983-11-17,Day,1991-08-27,Day,A,0,3,
836,625,1992-04-15,Day,2005-01-10,Day,A,0,3,
836,10342,1983-11-17,Day,1991-08-27,Day,B,1,3,
836,10342,1992-04-15,Day,2005-01-10,Day,B,1,3,
837,750,1984-06-01,Day,1984-07-30,Day,A,1,6,
837,10026,1984-06-01,Day,1984-07-30,Day,B,0,6,1200
838,640,1984-08-14,Day,1986-03-01,Month,A,0,7,1500
838,10343,1984-08-14,Day,1986-03-01,Month,B,1,7,9000
840,645,1985-01-01,Month,1988-09-06,Day,A,0,1,
840,10288,1985-01-01,Month,1988-09-06,Day,B,1,2,
840,630,1985-01-01,Month,1988-07-17,Day,B,0,2,
842,680,1986-01-13,Day,1986-01-29,Day,A,1,2,4200
842,10344,1986-01-13,Day,1986-01-29,Day,B,0,1,8800
843,500,1986-08-01,Month,1987-10-01,Month,A,0,1,2000
843,10345,1986-08-01,Month,1987-10-01,Month,B,1,2,5000
845,780,1987-07-29,Day,1989-12-29,Day,A,0,1,
845,10346,1987-07-29,Day,1989-12-29,Day,B,1,2,
846,10144,1987-12-20,Day,1994-04-26,Day,A,1,6,
846,10347,1987-12-20,Day,1994-04-26,Day,B,0,6,
847,775,1988-03-01,Month,1988-10-03,Day,A,0,1,
847,10348,1988-03-01,Month,1988-10-03,Day,B,1,2,
848,520,1988-05-26,Day,1991-01-26,Day,A,0,2,
848,10349,1988-05-26,Day,1991-01-26,Day,B,1,1,
850,660,1989-02-01,Month,1990-10-13,Day,A,1,2,
850,10350,1989-02-01,Month,1990-10-13,Day,B,0,1,2500
850,652,1989-02-01,Month,1990-10-13,Day,B,0,1,150
851,700,1989-02-16,Day,2001-10-06,Day,A,0,4,
851,10351,1989-02-16,Day,2001-10-06,Day,B,1,4,
852,483,1989-03-01,Month,1990-12-04,Day,A,0,2,3000
852,10352,1989-03-01,Month,1990-12-04,Day,B,1,1,800
853,850,1989-06-01,Month,1991-06-01,Month,A,0,1,
853,10353,1989-06-01,Month,1991-06-01,Month,B,1,2,
854,910,1989-07-14,Day,1992-09-01,Month,A,1,7,
854,10354,1989-07-14,Day,1992-09-01,Month,B,0,7,
856,100,1989-08-19,Day,,Ongoing,A,0,5,10480
856,10355,1989-08-19,Day,,Ongoing,B,1,5,17681
857,811,1989-09-26,Day,1991-10-23,Day,A,0,3,
857,10356,1989-09-26,Day,1991-10-23,Day,B,1,3,
858,360,1989-12-18,Day,1989-12-26,Day,A,0,2,300
858,10357,1989-12-18,Day,1989-12-26,Day,B,1,1,700
860,450,1989-12-24,Day,1990-11-28,Day,A,0,7,
860,475,1990-11-01,Month,1990-11-28,Day,A,0,7,0
860,10358,1989-12-24,Day,1990-11-28,Day,B,1,7,
861,750,1990-09-19,Day,2005-10-08,Day,A,0,7,6000
861,10359,1990-09-19,Day,2005-10-08,Day,B,1,7,21700
862,645,1991-03-01,Day,1991-03-31,Day,A,0,1,
862,10360,1991-03-01,Day,1991-03-31,Day,B,1,2,
863,451,1991-03-23,Day,1996-04-23,Day,A,0,1,
863,10361,1991-03-23,Day,1996-04-23,Day,B,1,2,
864,345,1991-05-02,Day,1992-01-02,Day,A,1,2,
864,344,1991-05-02,Day,1992-01-02,Day,B,0,1,
864,10362,1991-05-02,Day,1992-01-02,Day,B,0,1,
865,640,1991-07-10,Day,1999-02-16,Day,A,0,6,3500
865,10343,1991-07-10,Day,1999-02-16,Day,B,1,6,13000
866,10145,1991-08-28,Day,1992-11-01,Month,A,0,7,
866,10363,1991-08-28,Day,1992-11-01,Month,B,1,7,
868,10146,1991-10-01,Month,1992-03-01,Month,A,0,6,
868,10364,1991-10-01,Month,1992-03-01,Month,B,1,6,
870,520,1991-11-01,Month,1997-01-01,Month,A,0,3,
870,220,1992-12-13,Day,1995-03-01,Day,A,0,3,2
870,900,1992-12-13,Day,1995-03-01,Day,A,0,3,
870,770,1992-12-13,Day,1995-03-01,Day,A,0,3,24
870,325,1992-12-13,Day,1995-03-01,Day,A,0,3,
870,475,1992-12-13,Day,1995-03-01,Day,A,0,3,
870,2,1992-12-13,Day,1994-03-25,Day,A,0,3,44
870,10365,1991-11-01,Month,1997-01-01,Month,B,1,3,
871,372,1991-12-26,Day,1992-03-01,Month,A,0,2,
871,10366,1991-12-26,Day,1992-03-01,Month,B,1,1,
872,373,1991-12-26,Day,1993-02-05,Day,A,0,4,7000
872,10367,1991-12-26,Day,1993-02-05,Day,B,1,4,3000
872,371,1991-12-26,Day,1993-02-05,Day,B,0,4,1000
873,359,1991-12-26,Day,1992-07-02,Day,A,0,3,
873,10368,1991-12-26,Day,1992-07-02,Day,B,1,3,
875,615,1992-02-07,Day,1999-06-01,Month,A,1,3,
875,10369,1992-02-07,Day,1999-06-01,Month,B,0,3,
876,702,1992-05-01,Day,1997-06-27,Day,A,0,3,
876,365,1993-03-01,Month,1997-06-27,Day,A,0,3,
876,10370,1992-05-01,Day,1997-06-27,Day,B,1,3,
877,346,1992-06-06,Day,1994-12-31,Day,A,0,1,27500
877,344,1992-10-19,Day,1994-02-22,Day,A,0,1,
877,2,1995-08-30,Day,1995-09-20,Day,A,0,1,0
877,346,1995-03-20,Day,1995-12-14,Day,A,0,1,27500
877,10371,1992-06-06,Day,1994-12-31,Day,B,1,2,18543
877,344,1994-02-23,Day,1994-12-31,Day,B,0,2,185
877,344,1995-03-20,Day,1995-12-14,Day,B,0,2,185
877,10371,1995-03-20,Day,1995-12-14,Day,B,1,2,18543
878,450,1992-10-15,Day,1995-08-19,Day,A,0,3,
878,475,1992-10-15,Day,1992-12-31,Day,A,0,3,
878,10372,1992-10-15,Day,1995-08-19,Day,B,1,3,
880,540,1992-10-28,Day,1994-11-15,Day,A,0,3,
880,10317,1992-10-28,Day,1994-11-15,Day,B,1,3,
881,811,1993-01-29,Day,1997-07-01,Day,A,0,1,
881,10123,1993-01-29,Day,1997-07-01,Day,B,1,2,
882,372,1993-08-18,Day,1994-04-14,Day,A,1,2,5000
882,10373,1993-08-18,Day,1994-04-14,Day,B,0,1,3000
883,516,1993-10-21,Day,1998-06-01,Month,A,0,7,
883,10374,1993-10-21,Day,1998-06-01,Month,B,1,7,
885,679,1994-02-21,Day,1994-07-07,Day,A,0,1,
885,10375,1994-02-21,Day,1994-07-07,Day,B,1,2,
886,517,1994-04-06,Day,1994-07-18,Day,A,0,2,
886,10308,1994-04-06,Day,1994-07-18,Day,B,1,1,
888,365,1994-12-11,Day,1996-08-31,Day,A,0,2,4000
888,10376,1994-12-11,Day,1996-08-31,Day,B,1,1,6000
890,10147,1994-12-20,Day,1995-08-11,Day,A,0,6,
890,10377,1994-12-20,Day,1995-08-11,Day,B,1,6,
891,344,1995-05-01,Month,1995-11-01,Month,A,0,1,
891,10378,1995-05-01,Month,1995-11-01,Month,B,1,2,
892,450,1996-04-05,Day,1996-08-20,Day,A,0,3,
892,10358,1996-04-05,Day,1996-08-20,Day,B,1,3,
893,645,1996-08-31,Day,1996-10-23,Day,A,0,6,
893,10147,1996-08-31,Day,1996-10-23,Day,B,1,6,
895,490,1996-10-08,Day,1997-05-17,Day,A,0,2,
895,10379,1996-10-08,Day,1997-05-17,Day,B,1,1,
895,500,1997-01-01,Day,1997-01-30,Day,B,0,1,
895,517,1997-01-01,Day,1997-05-17,Day,B,0,1,
895,540,1997-04-28,Day,1997-05-17,Day,B,0,1,
896,517,1997-03-17,Day,1998-10-30,Day,A,0,1,300
896,10380,1997-03-17,Day,1998-10-30,Day,B,1,2,3000
897,484,1997-06-05,Day,1997-10-15,Day,A,0,2,
897,10381,1997-06-05,Day,1997-10-15,Day,B,1,1,
897,540,1997-10-10,Day,1997-10-15,Day,B,0,1,
898,451,1998-02-06,Day,1999-07-07,Day,A,0,2,
898,451,2000-05-11,Day,2000-11-10,Day,A,0,2,
898,438,1998-02-06,Day,1999-07-07,Day,B,0,1,
898,475,1998-02-06,Day,1999-07-07,Day,B,0,1,
898,452,1998-02-06,Day,1999-07-07,Day,B,0,1,
898,10382,1998-02-06,Day,1999-07-07,Day,B,1,1,
898,200,2000-05-08,Day,2000-11-10,Day,B,0,1,
898,452,2000-05-11,Day,2000-11-10,Day,B,0,1,
898,10382,2000-05-11,Day,2000-11-10,Day,B,1,1,
898,438,2000-05-11,Day,2000-11-10,Day,B,0,1,
898,475,2000-05-11,Day,2000-11-10,Day,B,0,1,
900,345,1998-02-28,Day,1999-03-23,Day,A,1,4,400
900,10383,1998-02-28,Day,1999-03-23,Day,B,0,4,800
902,433,1998-06-09,Day,1998-11-01,Day,A,0,2,
902,404,1998-06-07,Day,1999-05-06,Day,A,0,2,
902,438,1998-06-09,Day,1998-11-01,Day,A,0,2,
902,10384,1998-06-07,Day,1999-05-06,Day,B,1,1,
905,483,1998-09-30,Day,1999-04-18,Day,A,0,3,
905,625,1998-09-17,Day,2002-07-22,Day,A,0,3,
905,552,1998-08-21,Day,2002-09-13,Day,A,0,3,
905,540,1998-08-24,Day,2002-11-04,Day,A,0,3,
905,490,1998-08-02,Day,2002-12-17,Day,A,0,3,
905,565,1998-08-28,Day,2001-08-04,Day,A,0,3,
905,500,1998-08-26,Day,2002-07-22,Day,B,0,3,
905,516,1998-09-17,Day,2002-07-22,Day,B,0,3,
905,517,1998-08-11,Day,2002-07-22,Day,B,0,3,
905,10385,1998-08-02,Day,2002-12-17,Day,B,1,3,
906,483,1998-10-16,Day,2000-04-28,Day,A,0,7,
906,10386,1998-10-16,Day,2000-04-28,Day,B,1,7,
907,540,1998-12-04,Day,2002-02-22,Day,A,1,1,
907,10317,1998-12-04,Day,2002-02-22,Day,B,0,2,
908,484,1998-12-15,Day,1999-11-16,Day,A,0,1,
908,10387,1998-12-15,Day,1999-11-16,Day,B,1,2,
910,10148,1999-01-01,Month,2000-08-22,Day,A,1,7,
910,10388,1999-01-01,Month,2000-08-22,Day,B,0,7,1800
911,10149,1999-05-01,Month,2000-05-31,Day,A,0,1,
911,10389,1999-05-01,Month,2000-05-31,Day,B,1,2,
912,850,1999-05-03,Day,2002-12-09,Day,A,0,3,330
912,10353,1999-05-03,Day,2002-12-09,Day,B,1,3,3500
913,530,1999-05-30,Day,1999-08-18,Day,A,0,1,200
913,10390,1999-05-30,Day,1999-08-18,Day,B,1,2,800
915,365,1999-08-07,Day,2003-10-03,Day,A,0,1,5000
915,10376,1999-08-07,Day,2003-10-03,Day,B,1,2,15000
916,840,2000-04-23,Day,2001-06-22,Day,A,1,3,
916,10391,2000-04-23,Day,2001-06-22,Day,B,0,3,
917,438,2000-09-11,Day,2001-04-01,Month,A,0,6,
917,10392,2000-09-11,Day,2001-04-01,Month,B,1,6,
918,516,2001-03-21,Day,2003-10-08,Day,A,0,3,150
918,10393,2001-03-21,Day,2003-10-08,Day,B,1,3,3000
920,517,2001-05-21,Day,2001-09-04,Day,A,0,1,
920,10394,2001-05-21,Day,2001-09-04,Day,B,1,2,1800
921,790,2001-11-23,Day,2003-01-29,Day,A,0,6,680
921,10395,2001-11-23,Day,2003-01-29,Day,B,1,6,3100
922,450,2002-02-01,Month,2003-08-11,Day,A,0,2,
922,10396,2002-02-01,Month,2003-08-11,Day,B,1,1,
923,10150,2002-08-01,Month,2003-01-01,Month,A,0,7,
923,10397,2002-08-01,Month,2003-01-01,Month,B,1,7,
925,437,2002-09-19,Day,2004-11-16,Day,A,0,2,200
925,220,2002-12-11,Day,2004-11-16,Day,A,0,2,9
925,10398,2002-09-19,Day,2004-11-16,Day,B,1,1,2500
926,840,2003-02-11,Day,2003-07-01,Month,A,1,7,410
926,10399,2003-02-11,Day,2003-07-01,Month,B,0,7,590
927,625,2003-02-26,Day,2006-12-11,Day,A,0,6,
927,10400,2003-02-26,Day,2006-12-11,Day,B,1,6,
930,850,2003-05-18,Day,2003-11-18,Day,A,1,1,150
930,10353,2003-05-18,Day,2003-11-18,Day,B,0,2,1400
931,790,2003-08-27,Day,2006-04-26,Day,A,0,3,1260
931,10395,2003-08-27,Day,2006-04-26,Day,B,1,3,5770
932,2,2004-02-20,Day,2006-09-05,Day,A,1,2,
932,770,2004-02-20,Day,2006-09-05,Day,A,1,2,1200
932,10401,2004-02-20,Day,2006-09-05,Day,B,0,1,1800
933,10149,2004-03-01,Month,2004-09-16,Day,A,0,6,
933,10389,2004-03-01,Month,2004-09-16,Day,B,1,6,
935,679,2004-06-21,Day,2005-04-08,Day,A,0,1,900
935,10402,2004-06-21,Day,2005-04-08,Day,B,1,2,1350
936,840,2005-01-17,Day,2006-07-11,Day,A,1,7,723
936,10403,2005-01-17,Day,2006-07-11,Day,B,0,7,2100
937,483,2005-12-18,Day,2006-12-20,Day,A,0,1,100
937,10404,2005-12-18,Day,2006-12-20,Day,B,1,2,1000
938,530,2006-10-09,Day,2008-06-11,Day,A,0,1,
938,520,2006-03-06,Day,2008-06-01,Day,A,0,1,
938,2,2007-01-07,Day,2007-06-03,Day,A,0,1,
938,531,2006-10-19,Day,2008-06-11,Day,B,0,2,
938,10405,2006-03-06,Day,2008-06-01,Day,B,1,2,
940,780,2006-10-11,Day,,Ongoing,A,1,5,
940,10406,2006-10-11,Day,,Ongoing,B,0,5,
941,679,2007-01-29,Day,2007-06-16,Day,A,0,6,1500
941,10402,2007-01-29,Day,2007-06-16,Day,B,1,6,2000
1500,10407,1818-01-01,Year,1824-01-01,Year,A,1,1,1500
1500,10498,1818-01-01,Year,1824-01-01,Year,B,0,2,6000
1500,10496,1818-01-01,Year,1824-01-01,Year,B,0,2,6000
1500,10492,1818-01-01,Year,1824-01-01,Year,B,0,2,6000
1500,10447,1818-01-01,Year,1824-01-01,Year,B,0,2,6000
1500,10500,1818-01-01,Year,1824-01-01,Year,B,0,2,6000
1501,10408,1819-01-01,Year,1828-09-24,Day,A,1,1,20000
1501,10448,1819-01-01,Year,1828-09-24,Day,B,0,2,40000
1502,10009,1819-01-01,Year,1822-01-01,Year,A,1,1,
1502,10449,1819-01-01,Year,1822-01-01,Year,B,0,2,
1503,10040,1820-01-08,Day,1820-02-23,Day,A,0,2,
1503,10450,1820-01-08,Day,1820-02-23,Day,B,1,1,
1505,10409,1821-09-01,Month,1823-01-01,Year,A,1,1,500
1505,10451,1821-09-01,Month,1823-01-01,Year,B,0,2,2000
1505,10499,1821-09-01,Month,1823-01-01,Year,B,0,2,2000
1505,10497,1821-09-01,Month,1823-01-01,Year,B,0,2,2000
1505,10493,1821-09-01,Month,1823-01-01,Year,B,0,2,2000
1506,800,1821-11-01,Month,1821-12-01,Month,A,1,1,
1506,10410,1821-11-01,Month,1821-12-01,Month,A,1,1,
1506,10452,1821-11-01,Month,1821-12-01,Month,B,0,2,
1508,710,1825-01-01,Year,1828-01-01,Year,A,1,1,
1508,10019,1825-01-01,Year,1828-01-01,Year,A,1,1,
1508,10453,1825-01-01,Year,1828-01-01,Year,B,0,2,
1509,70,1825-10-25,Day,1827-04-13,Day,A,1,3,
1509,10015,1825-10-25,Day,1827-04-13,Day,A,1,3,
1509,10224,1825-10-25,Day,1827-04-13,Day,B,0,3,
1510,10411,1826-01-01,Year,1829-04-12,Day,A,0,2,2000
1510,10153,1826-01-01,Year,1829-04-12,Day,B,1,1,1300
1511,10412,1826-01-01,Year,1827-05-15,Day,A,1,2,24000
1511,10454,1826-01-01,Year,1827-05-15,Day,B,0,1,7000
1512,135,1828-07-03,Day,1829-02-28,Day,A,1,2,3000
1512,10413,1828-07-03,Day,1829-02-28,Day,A,1,2,3000
1512,10455,1828-07-03,Day,1829-02-28,Day,B,0,1,1000
1513,10414,1829-04-26,Day,1831-11-30,Day,A,1,2,
1513,10450,1829-04-26,Day,1831-11-30,Day,B,0,1,
1514,10415,1829-12-18,Day,1830-05-09,Day,A,1,1,
1514,10456,1829-12-18,Day,1830-05-09,Day,B,0,2,
1515,710,1830-09-01,Month,1831-11-01,Month,A,1,1,
1515,10019,1830-09-01,Month,1831-11-01,Month,A,1,1,
1515,10046,1830-09-01,Month,1831-11-01,Month,B,0,2,
1516,800,1831-01-01,Year,1834-01-01,Year,A,1,2,
1516,10410,1831-01-01,Year,1834-01-01,Year,A,1,2,
1516,811,1831-01-01,Year,1834-01-01,Year,B,0,1,
1516,10457,1831-01-01,Year,1834-01-01,Year,B,0,1,
1516,816,1831-01-01,Year,1834-01-01,Year,B,0,1,
1516,10038,1831-01-01,Year,1834-01-01,Year,B,0,1,
1518,160,1833-03-16,Day,1834-03-25,Day,A,1,1,
1518,10014,1833-03-16,Day,1834-03-25,Day,A,1,1,
1518,10458,1833-03-16,Day,1834-03-25,Day,B,0,2,6000
1520,145,1835-06-16,Day,1836-02-07,Day,A,1,1,
1520,10021,1835-06-16,Day,1836-02-07,Day,A,1,1,
1520,135,1835-06-16,Day,1836-02-07,Day,B,0,2,
1520,10413,1835-06-16,Day,1836-02-07,Day,B,0,2,
1521,10416,1836-08-15,Day,1837-11-12,Day,A,0,1,350
1521,10459,1836-08-15,Day,1837-11-12,Day,B,1,2,3000
1523,160,1837-11-01,Month,1839-01-20,Day,A,1,1,1400
1523,10014,1837-11-01,Month,1839-01-20,Day,A,1,1,1400
1523,155,1837-11-01,Month,1839-01-20,Day,A,1,1,1400
1523,10417,1837-11-01,Month,1839-01-20,Day,A,1,1,1400
1523,10460,1837-11-01,Month,1839-01-20,Day,B,0,2,1500
1524,10008,1837-11-22,Day,1838-09-09,Day,A,1,2,1700
1524,10461,1837-11-22,Day,1838-09-09,Day,B,0,1,
1525,10416,1838-02-06,Day,1838-12-20,Day,A,0,1,700
1525,10061,1838-02-06,Day,1838-12-20,Day,B,1,2,3000
1527,10418,1839-02-24,Day,1840-12-31,Day,A,1,4,2500
1527,10462,1839-02-24,Day,1840-12-31,Day,B,0,4,500
1528,10187,1839-03-19,Day,1840-03-21,Day,A,1,1,1700
1528,10153,1839-03-19,Day,1840-03-21,Day,B,0,2,2000
1530,10419,1841-05-01,Month,1842-10-17,Day,A,1,3,3000
1530,10089,1841-05-01,Month,1842-10-17,Day,B,0,3,1000
1531,10042,1844-02-27,Day,1845-12-21,Day,A,1,6,
1531,10463,1844-02-27,Day,1845-12-21,Day,B,0,6,
1533,10046,1847-01-01,Year,1848-01-01,Month,A,1,2,
1533,710,1847-01-01,Year,1848-01-01,Month,B,0,1,
1533,10019,1847-01-01,Year,1848-01-01,Month,B,0,1,
1534,10420,1850-12-01,Day,1860-10-24,Day,A,1,4,
1534,710,1850-12-01,Day,1860-10-24,Day,B,0,4,
1534,10019,1850-12-01,Day,1860-10-24,Day,B,0,4,
1535,10421,1852-01-01,Year,1854-01-01,Year,A,1,1,4000
1535,10464,1852-01-01,Year,1854-01-01,Year,B,0,2,6000
1536,10422,1852-01-01,Year,1852-01-01,Year,A,0,2,1600
1536,10465,1852-01-01,Year,1852-01-01,Year,B,1,1,400
1537,10423,1854-03-25,Day,1860-10-24,Day,A,0,4,
1537,10466,1854-03-25,Day,1860-10-24,Day,B,1,4,
1538,41,1855-11-01,Month,1856-01-27,Day,A,1,2,
1538,10424,1855-11-01,Month,1856-01-27,Day,A,1,2,
1538,10467,1855-11-01,Month,1856-01-27,Day,B,0,1,
1539,10423,1855-01-01,Year,1858-01-01,Year,A,0,6,
1539,10468,1855-01-01,Year,1858-01-01,Year,B,1,6,
1540,93,1856-02-26,Day,1857-05-01,Day,A,0,2,1000
1540,10425,1856-02-26,Day,1857-05-01,Day,A,0,2,1000
1540,92,1856-02-26,Day,1857-05-01,Day,B,1,1,6700
1540,10476,1856-02-26,Day,1857-05-01,Day,B,1,1,6700
1540,94,1856-02-26,Day,1857-05-01,Day,B,1,1,6700
1540,10469,1856-02-26,Day,1857-05-01,Day,B,1,1,6700
1540,91,1856-02-26,Day,1857-05-01,Day,B,1,1,6700
1540,10494,1856-02-26,Day,1857-05-01,Day,B,1,1,6700
1540,90,1856-02-26,Day,1857-05-01,Day,B,1,1,6700
1540,10430,1856-02-26,Day,1857-05-01,Day,B,1,1,6700
1541,10423,1856-05-19,Day,1860-10-24,Day,A,0,4,
1541,10470,1856-05-19,Day,1860-10-24,Day,B,1,4,
1542,10426,1856-12-02,Day,1856-12-02,Day,A,1,2,5000
1542,10471,1856-12-02,Day,1856-12-02,Day,B,0,1,
1543,10444,1857-01-01,Year,1857-09-01,Month,A,1,2,
1543,10427,1857-01-01,Year,1857-09-01,Month,A,1,2,
1543,710,1857-01-01,Year,1857-09-01,Month,B,0,1,
1543,10019,1857-01-01,Year,1857-09-01,Month,B,0,1,
1544,10062,1858-01-01,Year,1858-01-01,Year,A,0,6,
1544,10472,1858-01-01,Year,1858-01-01,Year,B,1,6,
1545,530,1858-01-01,Year,1861-01-01,Month,A,0,1,
1545,10055,1858-01-01,Year,1861-01-01,Month,A,0,1,
1545,10473,1858-01-01,Year,1861-01-01,Month,B,1,2,
1546,10428,1860-01-01,Year,1862-03-16,Day,A,1,1,
1546,10474,1860-01-01,Year,1862-03-16,Day,B,0,2,
1548,10429,1862-04-01,Month,1864-01-01,Month,A,1,2,3000
1548,10475,1862-04-01,Month,1864-01-01,Month,B,0,1,3000
1550,90,1863-01-23,Day,1863-11-15,Day,A,1,1,
1550,10430,1863-01-23,Day,1863-11-15,Day,A,1,1,
1550,93,1863-01-23,Day,1863-11-15,Day,A,1,1,
1550,10425,1863-01-23,Day,1863-11-15,Day,A,1,1,
1550,92,1863-01-23,Day,1863-11-15,Day,B,0,2,
1550,10476,1863-01-23,Day,1863-11-15,Day,B,0,2,
1550,91,1863-01-23,Day,1863-11-15,Day,B,0,2,
1550,10494,1863-01-23,Day,1863-11-15,Day,B,0,2,
1551,10431,1864-12-18,Day,1865-12-18,Day,A,0,7,890
1551,10477,1864-12-18,Day,1865-12-18,Day,B,1,7,110
1552,10432,1865-06-09,Day,1866-04-03,Day,A,1,1,
1552,10062,1865-06-09,Day,1866-04-03,Day,B,0,2,
1553,10433,1868-04-13,Day,1872-01-21,Day,A,0,1,5000
1553,530,1868-04-13,Day,1872-01-21,Day,B,1,2,30000
1553,10055,1868-04-13,Day,1872-01-21,Day,B,1,2,30000
1554,10227,1870-03-05,Day,1872-04-06,Day,A,1,2,
1554,10478,1870-03-05,Day,1872-04-06,Day,B,0,1,
1556,10434,1883-03-28,Day,1884-06-04,Day,A,1,1,
1556,10479,1883-03-28,Day,1884-06-04,Day,B,0,2,
1557,698,1883-10-01,Month,1884-01-01,Year,A,0,1,
1557,10435,1883-10-01,Month,1884-01-01,Year,A,0,1,
1557,10480,1883-10-01,Month,1884-01-01,Year,B,1,2,
1558,10431,1884-08-01,Month,1894-11-16,Day,A,0,7,8900
1558,10477,1884-08-01,Month,1894-11-16,Day,B,1,7,1100
1559,530,1885-05-01,Month,1889-03-12,Day,A,1,2,15000
1559,10055,1885-05-01,Month,1889-03-12,Day,A,1,2,15000
1559,10481,1885-05-01,Month,1889-03-12,Day,B,0,1,15000
1560,10436,1888-09-01,Month,1889-05-01,Month,A,0,1,
1560,10495,1888-09-01,Month,1889-05-01,Month,B,1,2,
1560,10440,1888-09-01,Month,1889-05-01,Month,B,1,2,
1561,10437,1893-01-01,Year,1893-01-01,Year,A,1,1,
1561,10482,1893-01-01,Year,1893-01-01,Year,B,0,2,
1567,10438,1919-05-25,Day,1919-05-25,Day,A,1,1,
1567,10483,1919-05-25,Day,1919-05-25,Day,B,0,2,4000
1568,10438,1924-09-04,Day,1925-12-23,Day,A,1,1,
1568,10483,1924-09-04,Day,1925-12-23,Day,B,0,2,
1570,10199,1946-08-16,Day,1947-08-01,Day,A,1,1,
1570,10026,1946-08-16,Day,1947-08-01,Day,B,0,2,
1570,10484,1946-08-16,Day,1947-08-01,Day,B,0,2,
1571,10439,1947-08-15,Day,1948-09-12,Day,A,1,4,
1571,10485,1947-08-15,Day,1948-09-12,Day,B,0,4,
1572,10440,1947-11-29,Day,1948-05-14,Day,A,0,4,991
1572,10486,1947-11-29,Day,1948-05-14,Day,B,1,4,895
1573,10266,1948-04-03,Day,1949-05-01,Month,A,1,2,17000
1573,10445,1948-04-03,Day,1949-05-01,Month,A,1,2,17000
1573,732,1948-04-03,Day,1949-05-01,Month,B,0,1,
1573,10487,1948-04-03,Day,1949-05-01,Month,B,0,1,
1574,10306,1959-10-19,Day,1962-07-01,Day,A,1,1,
1574,10488,1959-10-19,Day,1962-07-01,Day,B,0,2,
1577,10441,1968-09-01,Month,1971-10-06,Day,A,1,6,
1577,698,1968-09-01,Month,1971-10-06,Day,B,0,6,
1577,10435,1968-09-01,Month,1971-10-06,Day,B,0,6,
1581,10442,1974-10-15,Day,1975-10-22,Day,A,1,4,
1581,10489,1974-10-15,Day,1975-10-22,Day,B,0,4,
1581,10317,1974-10-15,Day,1975-10-22,Day,B,0,4,
1582,10446,1975-08-11,Day,1975-10-15,Day,A,0,4,
1582,10319,1975-08-11,Day,1975-10-15,Day,A,0,4,
1582,10490,1975-08-11,Day,1975-10-15,Day,B,1,4,
1594,10443,1999-06-01,Month,2005-03-01,Month,A,0,6,
1594,10491,1999-06-01,Month,2005-03-01,Month,B,1,6,
