obs_id,conflict_id,year,episode,ep_id,ep_end,intensity_level,cumulative_intensity,isInternational
200-1946,200,1946,1,200-1,1,War,War,0
200-1952,200,1952,2,200-2,1,Minor,War,0
200-1967,200,1967,3,200-3,1,Minor,War,0
201-1946,201,1946,1,201-1,0,Minor,Minor,
201-1947,201,1947,1,201-1,0,Minor,Minor,
201-1948,201,1948,1,201-1,0,Minor,Minor,
201-1949,201,1949,1,201-1,0,Minor,Minor,
201-1950,201,1950,1,201-1,0,Minor,Minor,
201-1951,201,1951,1,201-1,0,Minor,Minor,
201-1952,201,1952,1,201-1,0,Minor,Minor,
201-1953,201,1953,1,201-1,1,Minor,Minor,
202-1946,202,1946,1,202-1,0,War,War,0
202-1947,202,1947,1,202-1,0,War,War,0
202-1948,202,1948,1,202-1,0,War,War,0
202-1949,202,1949,1,202-1,1,War,War,0
203-1946,203,1946,1,203-1,0,War,War,0
203-1947,203,1947,1,203-1,0,War,War,0
203-1948,203,1948,1,203-1,0,War,War,0
203-1949,203,1949,1,203-1,1,War,War,0
204-1946,204,1946,1,204-1,0,Minor,Minor,
204-1947,204,1947,1,204-1,0,Minor,Minor,
204-1948,204,1948,1,204-1,0,Minor,Minor,
204-1949,204,1949,1,204-1,1,Minor,Minor,
205-1946,205,1946,1,205-1,1,Minor,Minor,1
205-1966,205,1966,2,205-2,0,Minor,War,0
205-1967,205,1967,2,205-2,0,Minor,War,0
205-1968,205,1968,2,205-2,1,Minor,War,0
205-1979,205,1979,3,205-3,0,War,War,0
205-1980,205,1980,3,205-3,0,War,War,0
205-1981,205,1981,3,205-3,0,Minor,War,0
205-1982,205,1982,3,205-3,0,War,War,0
205-1983,205,1983,3,205-3,0,Minor,War,0
205-1984,205,1984,3,205-3,0,Minor,War,0
205-1985,205,1985,3,205-3,0,Minor,War,0
205-1986,205,1986,3,205-3,0,Minor,War,0
205-1987,205,1987,3,205-3,0,Minor,War,0
205-1988,205,1988,3,205-3,1,Minor,War,0
205-1990,205,1990,4,205-4,1,Minor,War,0
205-1993,205,1993,5,205-5,1,Minor,War,0
205-1996,205,1996,6,205-6,1,Minor,War,0
205-2016,205,2016,7,205-7,1,Minor,War,0
205-2018,205,2018,8,205-8,0,Minor,War,0
206-1946,206,1946,1,206-1,1,Minor,Minor,1
207-1946,207,1946,1,207-1,1,Minor,Minor,
208-1946,208,1946,1,208-1,0,Minor,Minor,
208-1947,208,1947,1,208-1,0,Minor,Minor,
208-1948,208,1948,1,208-1,0,Minor,Minor,
208-1949,208,1949,1,208-1,0,Minor,Minor,
208-1950,208,1950,1,208-1,0,Minor,War,
208-1951,208,1951,1,208-1,0,Minor,War,
208-1952,208,1952,1,208-1,0,Minor,War,
208-1953,208,1953,1,208-1,1,Minor,War,
209-1946,209,1946,1,209-1,0,War,War,0
209-1947,209,1947,1,209-1,0,War,War,0
209-1948,209,1948,1,209-1,0,War,War,0
209-1949,209,1949,1,209-1,0,War,War,0
209-1950,209,1950,1,209-1,0,War,War,0
209-1951,209,1951,1,209-1,0,War,War,0
209-1952,209,1952,1,209-1,0,War,War,0
209-1953,209,1953,1,209-1,0,War,War,0
209-1954,209,1954,1,209-1,1,War,War,0
209-1969,209,1969,2,209-2,0,Minor,War,0
209-1970,209,1970,2,209-2,0,Minor,War,0
209-1971,209,1971,2,209-2,0,Minor,War,0
209-1972,209,1972,2,209-2,0,Minor,War,0
209-1973,209,1973,2,209-2,0,Minor,War,0
209-1974,209,1974,2,209-2,0,Minor,War,0
209-1975,209,1975,2,209-2,0,Minor,War,0
209-1976,209,1976,2,209-2,0,Minor,War,0
209-1977,209,1977,2,209-2,0,Minor,War,0
209-1978,209,1978,2,209-2,0,Minor,War,0
209-1979,209,1979,2,209-2,0,Minor,War,0
209-1980,209,1980,2,209-2,0,Minor,War,0
209-1981,209,1981,2,209-2,0,Minor,War,0
209-1982,209,1982,2,209-2,0,War,War,0
209-1983,209,1983,2,209-2,0,War,War,0
209-1984,209,1984,2,209-2,0,War,War,0
209-1985,209,1985,2,209-2,0,War,War,0
209-1986,209,1986,2,209-2,0,War,War,0
209-1987,209,1987,2,209-2,0,War,War,0
209-1988,209,1988,2,209-2,0,Minor,War,0
209-1989,209,1989,2,209-2,0,Minor,War,0
209-1990,209,1990,2,209-2,0,War,War,0
209-1991,209,1991,2,209-2,0,War,War,0
209-1992,209,1992,2,209-2,0,Minor,War,0
209-1993,209,1993,2,209-2,0,Minor,War,0
209-1994,209,1994,2,209-2,0,Minor,War,0
209-1995,209,1995,2,209-2,1,Minor,War,0
209-1997,209,1997,3,209-3,1,Minor,War,0
209-1999,209,1999,4,209-4,0,Minor,War,0
209-2000,209,2000,4,209-4,0,Minor,War,0
209-2001,209,2001,4,209-4,0,Minor,War,0
209-2002,209,2002,4,209-4,0,Minor,War,0
209-2003,209,2003,4,209-4,0,Minor,War,0
209-2004,209,2004,4,209-4,0,Minor,War,0
209-2005,209,2005,4,209-4,0,Minor,War,0
209-2006,209,2006,4,209-4,0,Minor,War,0
209-2007,209,2007,4,209-4,0,Minor,War,0
209-2008,209,2008,4,209-4,0,Minor,War,0
209-2009,209,2009,4,209-4,0,Minor,War,0
209-2010,209,2010,4,209-4,0,Minor,War,0
209-2011,209,2011,4,209-4,0,Minor,War,0
209-2012,209,2012,4,209-4,0,Minor,War,0
209-2013,209,2013,4,209-4,0,Minor,War,0
209-2014,209,2014,4,209-4,0,Minor,War,0
209-2015,209,2015,4,209-4,0,Minor,War,0
209-2016,209,2016,4,209-4,0,Minor,War,0
209-2017,209,2017,4,209-4,0,Minor,War,0
209-2018,209,2018,4,209-4,0,Minor,War,0
210-1946,210,1946,1,210-1,0,Minor,Minor,0
210-1947,210,1947,1,210-1,0,Minor,War,0
210-1948,210,1948,1,210-1,1,Minor,War,0
211-1946,211,1946,1,211-1,1,Minor,Minor,0
212-1946,212,1946,1,212-1,0,War,War,0
212-1947,212,1947,1,212-1,0,War,War,0
212-1948,212,1948,1,212-1,1,Minor,War,0
213-1946,213,1946,1,213-1,0,War,War,0
213-1947,213,1947,1,213-1,0,War,War,0
213-1948,213,1948,1,213-1,0,War,War,0
213-1949,213,1949,1,213-1,0,Minor,War,0
213-1950,213,1950,1,213-1,1,Minor,War,0
214-1946,214,1946,1,214-1,1,Minor,Minor,
215-1946,215,1946,1,215-1,1,Minor,Minor,
216-1946,216,1946,1,216-1,0,War,War,
216-1947,216,1947,1,216-1,0,War,War,
216-1948,216,1948,1,216-1,0,War,War,
216-1949,216,1949,1,216-1,0,War,War,
216-1950,216,1950,1,216-1,0,War,War,
216-1951,216,1951,1,216-1,0,War,War,
216-1952,216,1952,1,216-1,0,War,War,
216-1953,216,1953,1,216-1,0,War,War,
216-1954,216,1954,1,216-1,1,War,War,
217-1947,217,1947,1,217-1,1,War,War,0
218-1948,218,1948,1,218-1,1,War,War,
218-1964,218,1964,2,218-2,0,Minor,War,
218-1965,218,1965,2,218-2,1,War,War,
218-1971,218,1971,3,218-3,1,War,War,
218-1984,218,1984,4,218-4,1,Minor,War,
218-1987,218,1987,5,218-5,1,Minor,War,
218-1989,218,1989,6,218-6,0,Minor,War,
218-1990,218,1990,6,218-6,0,Minor,War,
218-1991,218,1991,6,218-6,0,Minor,War,
218-1992,218,1992,6,218-6,1,Minor,War,
218-1996,218,1996,7,218-7,0,Minor,War,
218-1997,218,1997,7,218-7,0,Minor,War,
218-1998,218,1998,7,218-7,0,Minor,War,
218-1999,218,1999,7,218-7,0,Minor,War,
218-2000,218,2000,7,218-7,0,Minor,War,
218-2001,218,2001,7,218-7,0,Minor,War,
218-2002,218,2002,7,218-7,0,Minor,War,
218-2003,218,2003,7,218-7,1,Minor,War,
218-2014,218,2014,8,218-8,0,Minor,War,
218-2015,218,2015,8,218-8,0,Minor,War,
218-2016,218,2016,8,218-8,0,Minor,War,
218-2017,218,2017,8,218-8,0,Minor,War,
218-2018,218,2018,8,218-8,0,Minor,War,
219-1947,219,1947,1,219-1,1,War,War,
220-1947,220,1947,1,220-1,1,War,War,0
220-1954,220,1954,2,220-2,1,Minor,War,0
220-1989,220,1989,3,220-3,1,Minor,War,0
221-1949,221,1949,1,221-1,0,War,War,0
221-1950,221,1950,1,221-1,0,War,War,0
221-1951,221,1951,1,221-1,0,Minor,War,0
221-1952,221,1952,1,221-1,0,Minor,War,0
221-1953,221,1953,1,221-1,0,Minor,War,0
221-1954,221,1954,1,221-1,0,Minor,War,0
221-1955,221,1955,1,221-1,0,War,War,0
221-1956,221,1956,1,221-1,0,Minor,War,0
221-1957,221,1957,1,221-1,0,Minor,War,0
221-1958,221,1958,1,221-1,0,Minor,War,0
221-1959,221,1959,1,221-1,0,Minor,War,0
221-1960,221,1960,1,221-1,0,Minor,War,0
221-1961,221,1961,1,221-1,0,Minor,War,0
221-1962,221,1962,1,221-1,0,Minor,War,0
221-1963,221,1963,1,221-1,0,Minor,War,0
221-1964,221,1964,1,221-1,0,Minor,War,0
221-1965,221,1965,1,221-1,0,Minor,War,0
221-1966,221,1966,1,221-1,0,Minor,War,0
221-1967,221,1967,1,221-1,0,Minor,War,0
221-1968,221,1968,1,221-1,0,Minor,War,0
221-1969,221,1969,1,221-1,0,Minor,War,0
221-1970,221,1970,1,221-1,0,Minor,War,0
221-1971,221,1971,1,221-1,0,War,War,0
221-1972,221,1972,1,221-1,0,Minor,War,0
221-1973,221,1973,1,221-1,0,Minor,War,0
221-1974,221,1974,1,221-1,0,Minor,War,0
221-1975,221,1975,1,221-1,0,Minor,War,0
221-1976,221,1976,1,221-1,0,Minor,War,0
221-1977,221,1977,1,221-1,0,Minor,War,0
221-1978,221,1978,1,221-1,0,Minor,War,0
221-1979,221,1979,1,221-1,0,Minor,War,0
221-1980,221,1980,1,221-1,0,Minor,War,0
221-1981,221,1981,1,221-1,0,Minor,War,0
221-1982,221,1982,1,221-1,0,Minor,War,0
221-1983,221,1983,1,221-1,0,War,War,0
221-1984,221,1984,1,221-1,0,War,War,0
221-1985,221,1985,1,221-1,0,Minor,War,0
221-1986,221,1986,1,221-1,0,Minor,War,0
221-1987,221,1987,1,221-1,0,Minor,War,0
221-1988,221,1988,1,221-1,0,Minor,War,0
221-1989,221,1989,1,221-1,0,War,War,0
221-1990,221,1990,1,221-1,0,Minor,War,0
221-1991,221,1991,1,221-1,0,Minor,War,0
221-1992,221,1992,1,221-1,1,War,War,0
221-1994,221,1994,2,221-2,0,Minor,War,0
221-1995,221,1995,2,221-2,1,Minor,War,0
221-1997,221,1997,3,221-3,0,Minor,War,0
221-1998,221,1998,3,221-3,1,Minor,War,0
221-2000,221,2000,4,221-4,0,Minor,War,0
221-2001,221,2001,4,221-4,0,Minor,War,0
221-2002,221,2002,4,221-4,0,Minor,War,0
221-2003,221,2003,4,221-4,0,Minor,War,0
221-2004,221,2004,4,221-4,0,Minor,War,0
221-2005,221,2005,4,221-4,0,Minor,War,0
221-2006,221,2006,4,221-4,0,Minor,War,0
221-2007,221,2007,4,221-4,0,Minor,War,0
221-2008,221,2008,4,221-4,0,Minor,War,0
221-2009,221,2009,4,221-4,0,Minor,War,0
221-2010,221,2010,4,221-4,0,Minor,War,0
221-2011,221,2011,4,221-4,1,Minor,War,0
221-2013,221,2013,5,221-5,1,Minor,War,0
222-1948,222,1948,1,222-1,0,War,War,0
222-1949,222,1949,1,222-1,0,War,War,0
222-1950,222,1950,1,222-1,0,War,War,0
222-1951,222,1951,1,222-1,0,War,War,0
222-1952,222,1952,1,222-1,0,War,War,0
222-1953,222,1953,1,222-1,0,War,War,0
222-1954,222,1954,1,222-1,0,Minor,War,0
222-1955,222,1955,1,222-1,0,Minor,War,0
222-1956,222,1956,1,222-1,0,Minor,War,0
222-1957,222,1957,1,222-1,0,Minor,War,0
222-1958,222,1958,1,222-1,0,Minor,War,0
222-1959,222,1959,1,222-1,0,Minor,War,0
222-1960,222,1960,1,222-1,0,Minor,War,0
222-1961,222,1961,1,222-1,0,Minor,War,0
222-1962,222,1962,1,222-1,0,Minor,War,0
222-1963,222,1963,1,222-1,0,Minor,War,0
222-1964,222,1964,1,222-1,0,Minor,War,0
222-1965,222,1965,1,222-1,0,Minor,War,0
222-1966,222,1966,1,222-1,0,Minor,War,0
222-1967,222,1967,1,222-1,0,Minor,War,0
222-1968,222,1968,1,222-1,0,War,War,0
222-1969,222,1969,1,222-1,0,War,War,0
222-1970,222,1970,1,222-1,0,War,War,0
222-1971,222,1971,1,222-1,0,War,War,0
222-1972,222,1972,1,222-1,0,War,War,0
222-1973,222,1973,1,222-1,0,War,War,0
222-1974,222,1974,1,222-1,0,War,War,0
222-1975,222,1975,1,222-1,0,War,War,0
222-1976,222,1976,1,222-1,0,War,War,0
222-1977,222,1977,1,222-1,0,War,War,0
222-1978,222,1978,1,222-1,0,War,War,0
222-1979,222,1979,1,222-1,0,War,War,0
222-1980,222,1980,1,222-1,0,War,War,0
222-1981,222,1981,1,222-1,0,Minor,War,0
222-1982,222,1982,1,222-1,0,War,War,0
222-1983,222,1983,1,222-1,0,Minor,War,0
222-1984,222,1984,1,222-1,0,Minor,War,0
222-1985,222,1985,1,222-1,0,Minor,War,0
222-1986,222,1986,1,222-1,0,War,War,0
222-1987,222,1987,1,222-1,0,Minor,War,0
222-1988,222,1988,1,222-1,1,War,War,0
222-1990,222,1990,2,222-2,0,Minor,War,0
222-1991,222,1991,2,222-2,0,Minor,War,0
222-1992,222,1992,2,222-2,1,Minor,War,0
222-1994,222,1994,3,222-3,1,Minor,War,0
222-2013,222,2013,4,222-4,0,Minor,War,0
222-2014,222,2014,4,222-4,0,Minor,War,0
222-2015,222,2015,4,222-4,1,Minor,War,0
222-2017,222,2017,5,222-5,0,Minor,War,0
222-2018,222,2018,5,222-5,0,Minor,War,0
223-1948,223,1948,1,223-1,0,Minor,Minor,0
223-1949,223,1949,1,223-1,0,Minor,Minor,0
223-1950,223,1950,1,223-1,0,Minor,Minor,0
223-1951,223,1951,1,223-1,0,Minor,Minor,0
223-1952,223,1952,1,223-1,0,Minor,Minor,0
223-1953,223,1953,1,223-1,0,Minor,Minor,0
223-1954,223,1954,1,223-1,0,Minor,Minor,0
223-1955,223,1955,1,223-1,0,Minor,Minor,0
223-1956,223,1956,1,223-1,0,Minor,Minor,0
223-1957,223,1957,1,223-1,0,Minor,Minor,0
223-1958,223,1958,1,223-1,0,Minor,Minor,0
223-1959,223,1959,1,223-1,0,Minor,Minor,0
223-1960,223,1960,1,223-1,0,Minor,Minor,0
223-1961,223,1961,1,223-1,1,Minor,Minor,0
223-1964,223,1964,2,223-2,0,Minor,Minor,0
223-1965,223,1965,2,223-2,0,Minor,Minor,0
223-1966,223,1966,2,223-2,0,Minor,Minor,0
223-1967,223,1967,2,223-2,0,Minor,Minor,0
223-1968,223,1968,2,223-2,0,Minor,Minor,0
223-1969,223,1969,2,223-2,0,Minor,Minor,0
223-1970,223,1970,2,223-2,0,Minor,Minor,0
223-1971,223,1971,2,223-2,0,Minor,War,0
223-1972,223,1972,2,223-2,0,Minor,War,0
223-1973,223,1973,2,223-2,0,Minor,War,0
223-1974,223,1974,2,223-2,0,Minor,War,0
223-1975,223,1975,2,223-2,0,Minor,War,0
223-1976,223,1976,2,223-2,0,Minor,War,0
223-1977,223,1977,2,223-2,0,Minor,War,0
223-1978,223,1978,2,223-2,1,Minor,War,0
223-1991,223,1991,3,223-3,1,Minor,War,0
223-1994,223,1994,4,223-4,1,Minor,War,0
223-2016,223,2016,5,223-5,0,Minor,War,0
223-2017,223,2017,5,223-5,0,Minor,War,0
223-2018,223,2018,5,223-5,0,Minor,War,0
224-1949,224,1949,1,224-1,0,Minor,Minor,0
224-1950,224,1950,1,224-1,0,Minor,Minor,0
224-1951,224,1951,1,224-1,0,Minor,Minor,0
224-1952,224,1952,1,224-1,0,Minor,Minor,0
224-1953,224,1953,1,224-1,0,Minor,Minor,0
224-1954,224,1954,1,224-1,0,Minor,Minor,0
224-1955,224,1955,1,224-1,0,Minor,Minor,0
224-1956,224,1956,1,224-1,0,Minor,Minor,0
224-1957,224,1957,1,224-1,0,Minor,Minor,0
224-1958,224,1958,1,224-1,0,Minor,Minor,0
224-1959,224,1959,1,224-1,0,Minor,Minor,0
224-1960,224,1960,1,224-1,0,Minor,Minor,0
224-1961,224,1961,1,224-1,0,Minor,Minor,0
224-1962,224,1962,1,224-1,0,Minor,Minor,0
224-1963,224,1963,1,224-1,1,Minor,Minor,0
224-1990,224,1990,2,224-2,1,Minor,Minor,0
224-1996,224,1996,3,224-3,1,Minor,Minor,0
225-1948,225,1948,1,225-1,1,War,War,0
226-1948,226,1948,1,226-1,1,War,War,
227-1948,227,1948,1,227-1,0,War,War,0
227-1949,227,1949,1,227-1,0,War,War,0
227-1950,227,1950,1,227-1,0,War,War,0
227-1951,227,1951,1,227-1,1,War,War,0
227-1969,227,1969,2,227-2,0,Minor,War,0
227-1970,227,1970,2,227-2,0,Minor,War,0
227-1971,227,1971,2,227-2,1,Minor,War,0
227-1991,227,1991,3,227-3,0,Minor,War,0
227-1992,227,1992,3,227-3,0,Minor,War,0
227-1993,227,1993,3,227-3,0,Minor,War,0
227-1994,227,1994,3,227-3,1,Minor,War,0
227-1996,227,1996,4,227-4,0,Minor,War,0
227-1997,227,1997,4,227-4,0,Minor,War,0
227-1998,227,1998,4,227-4,0,Minor,War,0
227-1999,227,1999,4,227-4,0,Minor,War,0
227-2000,227,2000,4,227-4,0,Minor,War,0
227-2001,227,2001,4,227-4,0,Minor,War,0
227-2002,227,2002,4,227-4,0,Minor,War,0
227-2003,227,2003,4,227-4,0,Minor,War,0
227-2004,227,2004,4,227-4,0,Minor,War,0
227-2005,227,2005,4,227-4,0,Minor,War,0
227-2006,227,2006,4,227-4,0,Minor,War,0
227-2007,227,2007,4,227-4,0,Minor,War,0
227-2008,227,2008,4,227-4,0,Minor,War,0
227-2009,227,2009,4,227-4,0,Minor,War,0
227-2010,227,2010,4,227-4,0,Minor,War,0
227-2011,227,2011,4,227-4,0,Minor,War,0
227-2012,227,2012,4,227-4,0,Minor,War,0
227-2013,227,2013,4,227-4,0,Minor,War,0
227-2014,227,2014,4,227-4,0,Minor,War,0
227-2015,227,2015,4,227-4,0,Minor,War,0
227-2016,227,2016,4,227-4,0,Minor,War,0
227-2017,227,2017,4,227-4,0,Minor,War,0
227-2018,227,2018,4,227-4,0,Minor,War,0
228-1948,228,1948,1,228-1,0,War,War,
228-1949,228,1949,1,228-1,1,Minor,War,
229-1948,229,1948,1,229-1,0,Minor,Minor,
229-1949,229,1949,1,229-1,0,Minor,War,
229-1950,229,1950,1,229-1,0,War,War,
229-1951,229,1951,1,229-1,0,War,War,
229-1952,229,1952,1,229-1,0,War,War,
229-1953,229,1953,1,229-1,0,War,War,
229-1954,229,1954,1,229-1,0,Minor,War,
229-1955,229,1955,1,229-1,0,Minor,War,
229-1956,229,1956,1,229-1,0,Minor,War,
229-1957,229,1957,1,229-1,1,Minor,War,
230-1948,230,1948,1,230-1,1,War,War,0
230-1962,230,1962,2,230-2,0,War,War,1
230-1963,230,1963,2,230-2,0,War,War,1
230-1964,230,1964,2,230-2,0,War,War,1
230-1965,230,1965,2,230-2,0,Minor,War,1
230-1966,230,1966,2,230-2,0,War,War,1
230-1967,230,1967,2,230-2,0,War,War,1
230-1968,230,1968,2,230-2,0,Minor,War,1
230-1969,230,1969,2,230-2,0,Minor,War,1
230-1970,230,1970,2,230-2,1,Minor,War,1
230-1979,230,1979,3,230-3,0,Minor,War,0
230-1980,230,1980,3,230-3,0,Minor,War,0
230-1981,230,1981,3,230-3,0,Minor,War,0
230-1982,230,1982,3,230-3,1,Minor,War,0
230-2009,230,2009,4,230-4,0,Minor,War,1
230-2010,230,2010,4,230-4,0,Minor,War,1
230-2011,230,2011,4,230-4,0,War,War,1
230-2012,230,2012,4,230-4,0,War,War,1
230-2013,230,2013,4,230-4,0,Minor,War,1
230-2014,230,2014,4,230-4,0,War,War,1
230-2015,230,2015,4,230-4,0,War,War,1
230-2016,230,2016,4,230-4,0,War,War,1
230-2017,230,2017,4,230-4,0,War,War,1
230-2018,230,2018,4,230-4,0,War,War,1
231-1949,231,1949,1,231-1,0,Minor,Minor,0
231-1950,231,1950,1,231-1,1,Minor,War,0
231-1961,231,1961,2,231-2,0,War,War,0
231-1962,231,1962,2,231-2,0,War,War,0
231-1963,231,1963,2,231-2,0,War,War,0
231-1964,231,1964,2,231-2,0,War,War,0
231-1965,231,1965,2,231-2,0,War,War,0
231-1966,231,1966,2,231-2,0,War,War,0
231-1967,231,1967,2,231-2,0,War,War,0
231-1968,231,1968,2,231-2,0,War,War,0
231-1969,231,1969,2,231-2,0,War,War,0
231-1970,231,1970,2,231-2,0,War,War,0
231-1971,231,1971,2,231-2,0,War,War,0
231-1972,231,1972,2,231-2,0,Minor,War,0
231-1973,231,1973,2,231-2,0,Minor,War,0
231-1974,231,1974,2,231-2,0,Minor,War,0
231-1975,231,1975,2,231-2,0,Minor,War,0
231-1976,231,1976,2,231-2,0,Minor,War,0
231-1977,231,1977,2,231-2,0,Minor,War,0
231-1978,231,1978,2,231-2,0,Minor,War,0
231-1979,231,1979,2,231-2,0,Minor,War,0
231-1980,231,1980,2,231-2,0,Minor,War,0
231-1981,231,1981,2,231-2,0,Minor,War,0
231-1982,231,1982,2,231-2,0,Minor,War,0
231-1983,231,1983,2,231-2,0,Minor,War,0
231-1984,231,1984,2,231-2,0,War,War,0
231-1985,231,1985,2,231-2,0,Minor,War,0
231-1986,231,1986,2,231-2,0,Minor,War,0
231-1987,231,1987,2,231-2,0,Minor,War,0
231-1988,231,1988,2,231-2,0,Minor,War,0
231-1989,231,1989,2,231-2,0,Minor,War,0
231-1990,231,1990,2,231-2,0,Minor,War,0
231-1991,231,1991,2,231-2,0,Minor,War,0
231-1992,231,1992,2,231-2,1,Minor,War,0
231-2011,231,2011,3,231-3,0,Minor,War,0
231-2012,231,2012,3,231-3,0,Minor,War,0
231-2013,231,2013,3,231-3,0,Minor,War,0
231-2014,231,2014,3,231-3,0,Minor,War,0
231-2015,231,2015,3,231-3,0,Minor,War,0
231-2016,231,2016,3,231-3,0,Minor,War,0
231-2017,231,2017,3,231-3,0,Minor,War,0
231-2018,231,2018,3,231-3,0,Minor,War,0
232-1949,232,1949,1,232-1,0,War,War,
232-1950,232,1950,1,232-1,1,Minor,War,
232-1954,232,1954,2,232-2,1,War,War,
232-1958,232,1958,3,232-3,1,War,War,
233-1949,233,1949,1,233-1,1,Minor,Minor,0
233-1954,233,1954,2,233-2,1,Minor,Minor,0
233-1963,233,1963,3,233-3,1,Minor,Minor,0
233-1965,233,1965,4,233-4,0,Minor,Minor,0
233-1966,233,1966,4,233-4,0,Minor,Minor,0
233-1967,233,1967,4,233-4,0,Minor,Minor,0
233-1968,233,1968,4,233-4,0,Minor,War,0
233-1969,233,1969,4,233-4,0,Minor,War,0
233-1970,233,1970,4,233-4,0,Minor,War,0
233-1971,233,1971,4,233-4,0,Minor,War,0
233-1972,233,1972,4,233-4,0,Minor,War,0
233-1973,233,1973,4,233-4,0,Minor,War,0
233-1974,233,1974,4,233-4,0,Minor,War,0
233-1975,233,1975,4,233-4,0,Minor,War,0
233-1976,233,1976,4,233-4,0,Minor,War,0
233-1977,233,1977,4,233-4,0,Minor,War,0
233-1978,233,1978,4,233-4,0,Minor,War,0
233-1979,233,1979,4,233-4,0,Minor,War,0
233-1980,233,1980,4,233-4,0,Minor,War,0
233-1981,233,1981,4,233-4,0,Minor,War,0
233-1982,233,1982,4,233-4,0,Minor,War,0
233-1983,233,1983,4,233-4,0,Minor,War,0
233-1984,233,1984,4,233-4,0,Minor,War,0
233-1985,233,1985,4,233-4,0,Minor,War,0
233-1986,233,1986,4,233-4,0,Minor,War,0
233-1987,233,1987,4,233-4,0,Minor,War,0
233-1988,233,1988,4,233-4,0,Minor,War,0
233-1989,233,1989,4,233-4,0,Minor,War,0
233-1990,233,1990,4,233-4,0,Minor,War,0
233-1991,233,1991,4,233-4,0,Minor,War,0
233-1992,233,1992,4,233-4,0,Minor,War,0
233-1993,233,1993,4,233-4,0,Minor,War,0
233-1994,233,1994,4,233-4,0,Minor,War,0
233-1995,233,1995,4,233-4,1,Minor,War,0
234-1949,234,1949,1,234-1,0,Minor,Minor,0
234-1950,234,1950,1,234-1,0,Minor,Minor,0
234-1951,234,1951,1,234-1,0,Minor,Minor,0
234-1952,234,1952,1,234-1,0,Minor,Minor,0
234-1953,234,1953,1,234-1,0,Minor,Minor,0
234-1954,234,1954,1,234-1,0,Minor,Minor,0
234-1955,234,1955,1,234-1,0,Minor,War,0
234-1956,234,1956,1,234-1,0,Minor,War,0
234-1957,234,1957,1,234-1,0,Minor,War,0
234-1958,234,1958,1,234-1,0,Minor,War,0
234-1959,234,1959,1,234-1,0,Minor,War,0
234-1960,234,1960,1,234-1,0,Minor,War,0
234-1961,234,1961,1,234-1,0,Minor,War,0
234-1962,234,1962,1,234-1,0,Minor,War,0
234-1963,234,1963,1,234-1,0,Minor,War,0
234-1964,234,1964,1,234-1,0,Minor,War,0
234-1965,234,1965,1,234-1,0,Minor,War,0
234-1966,234,1966,1,234-1,0,Minor,War,0
234-1967,234,1967,1,234-1,0,Minor,War,0
234-1968,234,1968,1,234-1,0,Minor,War,0
234-1969,234,1969,1,234-1,0,Minor,War,0
234-1970,234,1970,1,234-1,0,Minor,War,0
234-1971,234,1971,1,234-1,0,Minor,War,0
234-1972,234,1972,1,234-1,0,Minor,War,0
234-1973,234,1973,1,234-1,0,Minor,War,0
234-1974,234,1974,1,234-1,0,Minor,War,0
234-1975,234,1975,1,234-1,0,Minor,War,0
234-1976,234,1976,1,234-1,0,Minor,War,0
234-1977,234,1977,1,234-1,0,Minor,War,0
234-1978,234,1978,1,234-1,0,Minor,War,0
234-1979,234,1979,1,234-1,0,Minor,War,0
234-1980,234,1980,1,234-1,0,Minor,War,0
234-1981,234,1981,1,234-1,0,Minor,War,0
234-1982,234,1982,1,234-1,0,War,War,1
234-1983,234,1983,1,234-1,0,Minor,War,0
234-1984,234,1984,1,234-1,0,Minor,War,0
234-1985,234,1985,1,234-1,0,Minor,War,0
234-1986,234,1986,1,234-1,0,Minor,War,0
234-1987,234,1987,1,234-1,0,Minor,War,0
234-1988,234,1988,1,234-1,0,Minor,War,0
234-1989,234,1989,1,234-1,0,Minor,War,0
234-1990,234,1990,1,234-1,0,Minor,War,0
234-1991,234,1991,1,234-1,0,Minor,War,0
234-1992,234,1992,1,234-1,0,Minor,War,0
234-1993,234,1993,1,234-1,0,Minor,War,0
234-1994,234,1994,1,234-1,0,Minor,War,0
234-1995,234,1995,1,234-1,0,Minor,War,0
234-1996,234,1996,1,234-1,1,Minor,War,0
234-2000,234,2000,2,234-2,0,Minor,War,0
234-2001,234,2001,2,234-2,0,Minor,War,0
234-2002,234,2002,2,234-2,0,Minor,War,0
234-2003,234,2003,2,234-2,0,Minor,War,0
234-2004,234,2004,2,234-2,0,Minor,War,0
234-2005,234,2005,2,234-2,0,Minor,War,0
234-2006,234,2006,2,234-2,0,Minor,War,0
234-2007,234,2007,2,234-2,0,Minor,War,0
234-2008,234,2008,2,234-2,0,Minor,War,0
234-2009,234,2009,2,234-2,0,Minor,War,0
234-2010,234,2010,2,234-2,0,Minor,War,0
234-2011,234,2011,2,234-2,0,Minor,War,0
234-2012,234,2012,2,234-2,1,Minor,War,0
234-2014,234,2014,3,234-3,1,War,War,0
234-2018,234,2018,4,234-4,0,Minor,War,0
235-1949,235,1949,1,235-1,0,Minor,Minor,
235-1950,235,1950,1,235-1,0,War,War,
235-1951,235,1951,1,235-1,0,War,War,
235-1952,235,1952,1,235-1,0,War,War,
235-1953,235,1953,1,235-1,1,War,War,
236-1950,236,1950,1,236-1,1,Minor,Minor,0
236-1956,236,1956,2,236-2,1,War,War,0
236-1959,236,1959,3,236-3,1,War,War,0
237-1950,237,1950,1,237-1,1,War,War,0
238-1950,238,1950,1,238-1,1,Minor,Minor,
239-1951,239,1951,1,239-1,0,Minor,Minor,
239-1952,239,1952,1,239-1,1,Minor,Minor,
240-1951,240,1951,1,240-1,1,Minor,Minor,0
240-1974,240,1974,2,240-2,0,Minor,War,0
240-1975,240,1975,2,240-2,0,Minor,War,0
240-1976,240,1976,2,240-2,0,Minor,War,0
240-1977,240,1977,2,240-2,0,Minor,War,0
240-1978,240,1978,2,240-2,0,Minor,War,0
240-1979,240,1979,2,240-2,0,Minor,War,0
240-1980,240,1980,2,240-2,0,Minor,War,0
240-1981,240,1981,2,240-2,0,Minor,War,0
240-1982,240,1982,2,240-2,1,Minor,War,0
241-1952,241,1952,1,241-1,0,Minor,Minor,
241-1953,241,1953,1,241-1,0,War,War,
241-1954,241,1954,1,241-1,0,War,War,
241-1955,241,1955,1,241-1,0,War,War,
241-1956,241,1956,1,241-1,1,War,War,
242-1953,242,1953,1,242-1,1,Minor,Minor,0
242-1956,242,1956,2,242-2,0,Minor,Minor,0
242-1957,242,1957,2,242-2,0,Minor,Minor,0
242-1958,242,1958,2,242-2,1,War,War,0
242-1961,242,1961,3,242-3,1,Minor,War,1
243-1953,243,1953,1,243-1,1,War,War,0
243-1958,243,1958,2,243-2,0,War,War,0
243-1959,243,1959,2,243-2,0,War,War,0
243-1960,243,1960,2,243-2,0,Minor,War,0
243-1961,243,1961,2,243-2,1,War,War,0
244-1953,244,1953,1,244-1,0,Minor,Minor,
244-1954,244,1954,1,244-1,0,Minor,Minor,
244-1955,244,1955,1,244-1,0,Minor,Minor,
244-1956,244,1956,1,244-1,1,Minor,Minor,
245-1953,245,1953,1,245-1,0,Minor,Minor,
245-1954,245,1954,1,245-1,0,Minor,Minor,
245-1955,245,1955,1,245-1,0,Minor,Minor,
245-1956,245,1956,1,245-1,1,Minor,Minor,
246-1954,246,1954,1,246-1,0,Minor,Minor,
246-1955,246,1955,1,246-1,0,War,War,
246-1956,246,1956,1,246-1,0,War,War,
246-1957,246,1957,1,246-1,0,War,War,
246-1958,246,1958,1,246-1,0,War,War,
246-1959,246,1959,1,246-1,0,War,War,
246-1960,246,1960,1,246-1,0,War,War,
246-1961,246,1961,1,246-1,0,War,War,
246-1962,246,1962,1,246-1,1,Minor,War,
247-1963,247,1963,2,247-2,1,Minor,Minor,0
247-1974,247,1974,3,247-3,0,Minor,Minor,0
247-1975,247,1975,3,247-3,0,Minor,Minor,0
247-1976,247,1976,3,247-3,0,Minor,War,0
247-1977,247,1977,3,247-3,1,Minor,War,0
247-1955,247,1955,1,247-1,1,Minor,Minor,0
248-1955,248,1955,1,248-1,0,Minor,Minor,
248-1956,248,1956,1,248-1,0,Minor,Minor,
248-1957,248,1957,1,248-1,0,Minor,Minor,
248-1958,248,1958,1,248-1,0,Minor,Minor,
248-1959,248,1959,1,248-1,1,Minor,Minor,
249-1955,249,1955,1,249-1,0,War,War,0
249-1956,249,1956,1,249-1,0,War,War,0
249-1957,249,1957,1,249-1,0,War,War,0
249-1958,249,1958,1,249-1,0,War,War,0
249-1959,249,1959,1,249-1,0,War,War,0
249-1960,249,1960,1,249-1,0,War,War,0
249-1961,249,1961,1,249-1,0,War,War,0
249-1962,249,1962,1,249-1,0,War,War,1
249-1963,249,1963,1,249-1,0,War,War,1
249-1964,249,1964,1,249-1,1,War,War,1
250-1956,250,1956,1,250-1,1,War,War,
251-1956,251,1956,1,251-1,0,Minor,Minor,0
251-1957,251,1957,1,251-1,0,Minor,Minor,0
251-1958,251,1958,1,251-1,0,Minor,War,0
251-1959,251,1959,1,251-1,1,Minor,War,0
251-1961,251,1961,2,251-2,0,Minor,War,0
251-1962,251,1962,2,251-2,0,Minor,War,0
251-1963,251,1963,2,251-2,0,Minor,War,0
251-1964,251,1964,2,251-2,0,Minor,War,0
251-1965,251,1965,2,251-2,0,Minor,War,0
251-1966,251,1966,2,251-2,0,Minor,War,0
251-1967,251,1967,2,251-2,0,Minor,War,0
251-1968,251,1968,2,251-2,1,Minor,War,0
251-1992,251,1992,3,251-3,0,Minor,War,0
251-1993,251,1993,3,251-3,0,Minor,War,0
251-1994,251,1994,3,251-3,0,Minor,War,0
251-1995,251,1995,3,251-3,0,Minor,War,0
251-1996,251,1996,3,251-3,0,Minor,War,0
251-1997,251,1997,3,251-3,1,Minor,War,0
251-2000,251,2000,4,251-4,1,Minor,War,0
252-1956,252,1956,1,252-1,1,War,War,
253-1957,253,1957,1,253-1,1,Minor,Minor,0
253-1987,253,1987,2,253-2,1,Minor,Minor,0
253-1992,253,1992,3,253-3,1,Minor,Minor,0
253-1996,253,1996,4,253-4,1,Minor,Minor,0
253-2005,253,2005,5,253-5,1,Minor,Minor,0
254-1957,254,1957,1,254-1,0,Minor,Minor,
254-1958,254,1958,1,254-1,0,Minor,Minor,
254-1959,254,1959,1,254-1,1,Minor,Minor,
255-1957,255,1957,1,255-1,1,Minor,Minor,
256-1957,256,1957,1,256-1,0,Minor,Minor,
256-1958,256,1958,1,256-1,1,Minor,Minor,
257-1957,257,1957,1,257-1,0,Minor,Minor,
257-1958,257,1958,1,257-1,1,Minor,Minor,
258-1957,258,1957,1,258-1,1,Minor,Minor,1
259-1958,259,1958,1,259-1,0,Minor,Minor,0
259-1959,259,1959,1,259-1,1,Minor,Minor,0
259-1963,259,1963,2,259-2,1,War,War,0
259-1982,259,1982,3,259-3,0,Minor,War,0
259-1983,259,1983,3,259-3,0,Minor,War,0
259-1984,259,1984,3,259-3,1,Minor,War,0
259-1987,259,1987,4,259-4,1,Minor,War,0
259-1991,259,1991,5,259-5,0,Minor,War,0
259-1992,259,1992,5,259-5,0,Minor,War,0
259-1993,259,1993,5,259-5,0,Minor,War,0
259-1994,259,1994,5,259-5,0,Minor,War,0
259-1995,259,1995,5,259-5,0,Minor,War,0
259-1996,259,1996,5,259-5,1,Minor,War,0
259-2009,259,2009,6,259-6,0,War,War,1
259-2010,259,2010,6,259-6,0,War,War,1
259-2011,259,2011,6,259-6,0,Minor,War,1
259-2012,259,2012,6,259-6,0,Minor,War,0
259-2013,259,2013,6,259-6,0,War,War,0
259-2014,259,2014,6,259-6,0,War,War,1
259-2004,259,2004,6,259-6,0,War,War,1
259-2005,259,2005,6,259-6,0,War,War,1
259-2015,259,2015,6,259-6,0,War,War,1
259-2016,259,2016,6,259-6,0,War,War,1
259-2017,259,2017,6,259-6,0,War,War,1
259-2006,259,2006,6,259-6,0,War,War,1
259-2007,259,2007,6,259-6,0,War,War,1
259-2008,259,2008,6,259-6,0,War,War,1
259-2018,259,2018,6,259-6,0,Minor,War,1
260-1958,260,1958,1,260-1,1,War,War,0
260-1975,260,1975,2,260-2,0,Minor,War,0
260-1976,260,1976,2,260-2,1,War,War,0
260-1982,260,1982,3,260-3,0,Minor,War,0
260-1984,260,1984,3,260-3,0,War,War,1
260-1985,260,1985,3,260-3,0,Minor,War,0
260-1986,260,1986,3,260-3,1,Minor,War,0
260-1983,260,1983,3,260-3,0,Minor,War,1
260-1989,260,1989,4,260-4,0,Minor,War,1
260-1990,260,1990,4,260-4,1,Minor,War,1
264-1970,264,1970,1,264-1,1,War,War,0
264-1959,264,1959,1,264-1,0,Minor,Minor,0
264-1960,264,1960,1,264-1,0,Minor,Minor,0
264-1961,264,1961,1,264-1,0,Minor,Minor,0
264-1962,264,1962,1,264-1,0,Minor,Minor,0
264-1963,264,1963,1,264-1,0,Minor,Minor,0
264-1964,264,1964,1,264-1,0,War,War,0
264-1965,264,1965,1,264-1,0,War,War,0
264-1966,264,1966,1,264-1,0,War,War,0
264-1967,264,1967,1,264-1,0,War,War,0
264-1968,264,1968,1,264-1,0,War,War,0
264-1969,264,1969,1,264-1,0,War,War,0
264-1972,264,1972,2,264-2,0,Minor,War,0
264-1973,264,1973,2,264-2,1,Minor,War,0
261-1958,261,1958,1,261-1,0,Minor,Minor,1
261-1959,261,1959,1,261-1,0,Minor,Minor,1
261-1960,261,1960,1,261-1,1,Minor,Minor,1
261-1974,261,1974,2,261-2,0,Minor,Minor,0
261-1975,261,1975,2,261-2,1,Minor,Minor,0
261-1981,261,1981,3,261-3,1,Minor,Minor,0
262-1959,262,1959,1,262-1,0,War,War,0
262-1960,262,1960,1,262-1,0,War,War,1
262-1961,262,1961,1,262-1,1,War,War,1
262-1963,262,1963,2,262-2,0,War,War,1
262-1964,262,1964,2,262-2,0,War,War,1
262-1965,262,1965,2,262-2,0,War,War,1
262-1966,262,1966,2,262-2,0,War,War,1
262-1967,262,1967,2,262-2,0,War,War,1
262-1968,262,1968,2,262-2,0,War,War,1
262-1969,262,1969,2,262-2,0,War,War,1
262-1970,262,1970,2,262-2,0,War,War,1
262-1971,262,1971,2,262-2,0,War,War,1
262-1972,262,1972,2,262-2,0,War,War,1
262-1973,262,1973,2,262-2,1,War,War,1
262-1989,262,1989,3,262-3,0,Minor,War,0
262-1990,262,1990,3,262-3,1,Minor,War,0
263-1961,263,1961,1,263-1,0,War,War,
263-1962,263,1962,1,263-1,0,War,War,
263-1963,263,1963,1,263-1,0,Minor,War,
263-1964,263,1964,1,263-1,0,Minor,War,
263-1965,263,1965,1,263-1,0,Minor,War,
263-1966,263,1966,1,263-1,0,Minor,War,
263-1967,263,1967,1,263-1,0,Minor,War,
263-1968,263,1968,1,263-1,0,Minor,War,
263-1969,263,1969,1,263-1,0,Minor,War,
263-1970,263,1970,1,263-1,0,Minor,War,
263-1971,263,1971,1,263-1,0,Minor,War,
263-1972,263,1972,1,263-1,0,Minor,War,
263-1973,263,1973,1,263-1,0,Minor,War,
263-1974,263,1974,1,263-1,1,Minor,War,
264-1976,264,1976,3,264-3,0,Minor,War,0
264-1977,264,1977,3,264-3,0,Minor,War,0
264-1978,264,1978,3,264-3,0,Minor,War,0
264-1979,264,1979,3,264-3,0,Minor,War,0
264-1980,264,1980,3,264-3,0,Minor,War,0
264-1981,264,1981,3,264-3,0,Minor,War,0
264-1982,264,1982,3,264-3,0,Minor,War,0
264-1983,264,1983,3,264-3,0,Minor,War,0
264-1984,264,1984,3,264-3,0,Minor,War,0
264-1985,264,1985,3,264-3,0,Minor,War,0
264-1986,264,1986,3,264-3,0,Minor,War,0
264-1987,264,1987,3,264-3,0,Minor,War,0
264-1988,264,1988,3,264-3,1,Minor,War,0
264-1993,264,1993,4,264-4,0,Minor,War,0
264-1994,264,1994,4,264-4,0,Minor,War,0
264-1995,264,1995,4,264-4,0,Minor,War,0
264-1996,264,1996,4,264-4,0,Minor,War,0
264-1997,264,1997,4,264-4,0,Minor,War,0
264-1998,264,1998,4,264-4,0,Minor,War,0
264-1999,264,1999,4,264-4,0,Minor,War,0
264-2000,264,2000,4,264-4,0,Minor,War,0
264-2001,264,2001,4,264-4,0,Minor,War,0
264-2002,264,2002,4,264-4,1,Minor,War,0
264-2005,264,2005,5,264-5,0,Minor,War,0
264-2006,264,2006,5,264-5,0,Minor,War,0
264-2007,264,2007,5,264-5,0,Minor,War,0
264-2008,264,2008,5,264-5,0,Minor,War,0
264-2009,264,2009,5,264-5,0,Minor,War,0
264-2010,264,2010,5,264-5,0,Minor,War,0
264-2011,264,2011,5,264-5,1,Minor,War,0
264-2013,264,2013,6,264-6,1,Minor,War,0
264-2015,264,2015,7,264-7,1,Minor,War,0
265-1961,265,1961,1,265-1,0,Minor,Minor,0
265-1962,265,1962,1,265-1,1,Minor,Minor,0
265-2013,265,2013,2,265-2,0,Minor,Minor,0
265-2014,265,2014,2,265-2,1,Minor,Minor,0
266-1960,266,1960,1,266-1,0,Minor,Minor,0
266-1961,266,1961,1,266-1,0,Minor,Minor,0
266-1962,266,1962,1,266-1,1,Minor,Minor,0
267-1960,267,1960,1,267-1,1,Minor,Minor,0
267-1976,267,1976,2,267-2,0,War,War,0
267-1977,267,1977,2,267-2,0,Minor,War,0
267-1978,267,1978,2,267-2,0,Minor,War,0
267-1979,267,1979,2,267-2,0,Minor,War,0
267-1980,267,1980,2,267-2,0,War,War,0
267-1981,267,1981,2,267-2,0,War,War,0
267-1982,267,1982,2,267-2,0,War,War,0
267-1983,267,1983,2,267-2,0,War,War,0
267-1984,267,1984,2,267-2,0,War,War,0
267-1985,267,1985,2,267-2,0,War,War,0
267-1986,267,1986,2,267-2,0,Minor,War,0
267-1987,267,1987,2,267-2,0,War,War,0
267-1988,267,1988,2,267-2,0,War,War,0
267-1989,267,1989,2,267-2,0,War,War,0
267-1990,267,1990,2,267-2,0,War,War,0
267-1991,267,1991,2,267-2,1,War,War,0
268-1964,268,1964,1,268-1,1,Minor,Minor,
268-1977,268,1977,2,268-2,0,War,War,
268-1978,268,1978,2,268-2,1,War,War,
268-1980,268,1980,3,268-3,1,Minor,War,
269-1960,269,1960,1,269-1,0,Minor,Minor,0
269-1961,269,1961,1,269-1,0,Minor,Minor,0
269-1962,269,1962,1,269-1,1,Minor,Minor,0
269-1996,269,1996,2,269-2,0,Minor,Minor,0
269-1997,269,1997,2,269-2,0,Minor,Minor,0
269-1998,269,1998,2,269-2,0,Minor,Minor,0
269-1999,269,1999,2,269-2,0,Minor,Minor,0
269-2000,269,2000,2,269-2,0,Minor,Minor,0
269-2001,269,2001,2,269-2,0,Minor,War,0
269-2002,269,2002,2,269-2,0,War,War,0
269-2003,269,2003,2,269-2,0,War,War,0
269-2004,269,2004,2,269-2,0,War,War,0
269-2005,269,2005,2,269-2,0,War,War,0
269-2006,269,2006,2,269-2,1,Minor,War,0
270-1961,270,1961,1,270-1,0,War,War,0
270-1962,270,1962,1,270-1,1,War,War,0
271-1961,271,1961,1,271-1,0,War,War,0
271-1962,271,1962,1,271-1,0,War,War,0
271-1963,271,1963,1,271-1,0,War,War,0
271-1964,271,1964,1,271-1,0,Minor,War,0
271-1965,271,1965,1,271-1,0,War,War,0
271-1966,271,1966,1,271-1,0,War,War,0
271-1967,271,1967,1,271-1,0,Minor,War,0
271-1968,271,1968,1,271-1,0,Minor,War,0
271-1969,271,1969,1,271-1,0,War,War,0
271-1970,271,1970,1,271-1,1,Minor,War,0
271-1973,271,1973,2,271-2,0,Minor,War,0
271-1974,271,1974,2,271-2,0,War,War,0
271-1975,271,1975,2,271-2,0,War,War,0
271-1976,271,1976,2,271-2,0,Minor,War,0
271-1977,271,1977,2,271-2,0,Minor,War,0
271-1978,271,1978,2,271-2,0,Minor,War,0
271-1979,271,1979,2,271-2,0,Minor,War,0
271-1980,271,1980,2,271-2,0,Minor,War,0
271-1981,271,1981,2,271-2,0,Minor,War,0
271-1982,271,1982,2,271-2,0,Minor,War,0
271-1983,271,1983,2,271-2,0,Minor,War,0
271-1984,271,1984,2,271-2,0,Minor,War,0
271-1985,271,1985,2,271-2,0,Minor,War,0
271-1986,271,1986,2,271-2,0,Minor,War,0
271-1987,271,1987,2,271-2,0,Minor,War,0
271-1988,271,1988,2,271-2,0,War,War,0
271-1989,271,1989,2,271-2,0,Minor,War,0
271-1990,271,1990,2,271-2,0,Minor,War,0
271-1991,271,1991,2,271-2,0,War,War,0
271-1992,271,1992,2,271-2,1,Minor,War,0
271-1995,271,1995,3,271-3,0,Minor,War,0
271-1996,271,1996,3,271-3,1,Minor,War,0
272-1961,272,1961,1,272-1,1,War,War,
273-1962,273,1962,1,273-1,1,Minor,Minor,
274-1962,274,1962,1,274-1,1,War,War,
274-1967,274,1967,2,274-2,1,Minor,War,
275-1964,275,1964,1,275-1,0,Minor,Minor,0
275-1965,275,1965,1,275-1,0,Minor,Minor,0
275-1966,275,1966,1,275-1,0,Minor,Minor,0
275-1967,275,1967,1,275-1,0,Minor,Minor,0
275-1968,275,1968,1,275-1,0,Minor,Minor,0
275-1969,275,1969,1,275-1,0,Minor,Minor,0
275-1970,275,1970,1,275-1,0,Minor,Minor,0
275-1971,275,1971,1,275-1,0,Minor,Minor,0
275-1972,275,1972,1,275-1,0,Minor,Minor,0
275-1973,275,1973,1,275-1,0,Minor,Minor,0
275-1974,275,1974,1,275-1,0,Minor,Minor,0
275-1975,275,1975,1,275-1,0,War,War,0
275-1976,275,1976,1,275-1,0,War,War,0
275-1977,275,1977,1,275-1,0,War,War,1
275-1978,275,1978,1,275-1,0,War,War,1
275-1979,275,1979,1,275-1,0,War,War,0
275-1980,275,1980,1,275-1,0,Minor,War,0
275-1981,275,1981,1,275-1,0,Minor,War,0
275-1982,275,1982,1,275-1,0,War,War,0
275-1983,275,1983,1,275-1,0,War,War,0
275-1984,275,1984,1,275-1,0,War,War,0
275-1985,275,1985,1,275-1,0,War,War,0
275-1986,275,1986,1,275-1,0,Minor,War,0
275-1987,275,1987,1,275-1,0,War,War,0
275-1988,275,1988,1,275-1,0,War,War,0
275-1989,275,1989,1,275-1,0,War,War,0
275-1990,275,1990,1,275-1,0,War,War,0
275-1991,275,1991,1,275-1,1,War,War,0
276-1962,276,1962,1,276-1,1,Minor,Minor,
277-1962,277,1962,1,277-1,1,Minor,Minor,0
277-1982,277,1982,2,277-2,1,Minor,Minor,0
277-1992,277,1992,3,277-3,1,Minor,Minor,0
278-1963,278,1963,1,278-1,1,Minor,Minor,
279-1963,279,1963,1,279-1,0,Minor,Minor,
279-1964,279,1964,1,279-1,0,Minor,Minor,
279-1965,279,1965,1,279-1,0,Minor,War,
279-1966,279,1966,1,279-1,0,Minor,War,
279-1967,279,1967,1,279-1,0,Minor,War,
279-1968,279,1968,1,279-1,0,Minor,War,
279-1969,279,1969,1,279-1,0,Minor,War,
279-1970,279,1970,1,279-1,0,Minor,War,
279-1971,279,1971,1,279-1,0,Minor,War,
279-1972,279,1972,1,279-1,0,Minor,War,
279-1973,279,1973,1,279-1,1,Minor,War,
280-1963,280,1963,1,280-1,0,Minor,Minor,0
280-1964,280,1964,1,280-1,0,Minor,Minor,0
280-1965,280,1965,1,280-1,0,Minor,Minor,1
280-1966,280,1966,1,280-1,1,Minor,Minor,1
282-1963,282,1963,1,282-1,0,War,War,0
282-1964,282,1964,1,282-1,0,War,War,0
282-1965,282,1965,1,282-1,0,War,War,0
282-1966,282,1966,1,282-1,0,War,War,0
282-1967,282,1967,1,282-1,0,War,War,0
282-1968,282,1968,1,282-1,0,War,War,0
282-1969,282,1969,1,282-1,0,War,War,0
282-1970,282,1970,1,282-1,0,War,War,0
282-1971,282,1971,1,282-1,0,War,War,0
282-1972,282,1972,1,282-1,1,War,War,0
281-1963,281,1963,1,281-1,0,Minor,Minor,
281-1964,281,1964,1,281-1,0,Minor,Minor,
281-1965,281,1965,1,281-1,0,Minor,Minor,
281-1966,281,1966,1,281-1,1,Minor,Minor,
283-1964,283,1964,1,283-1,0,War,War,0
283-1965,283,1965,1,283-1,1,War,War,0
283-1967,283,1967,2,283-2,1,Minor,War,0
283-1977,283,1977,3,283-3,0,Minor,War,1
283-1978,283,1978,3,283-3,1,Minor,War,0
283-1996,283,1996,4,283-4,0,War,War,1
283-1997,283,1997,4,283-4,0,War,War,1
283-1998,283,1998,4,283-4,0,War,War,1
283-1999,283,1999,4,283-4,0,War,War,1
283-2000,283,2000,4,283-4,0,War,War,1
283-2001,283,2001,4,283-4,1,Minor,War,1
285-1974,285,1974,1,285-1,1,Minor,War,
285-1964,285,1964,1,285-1,0,Minor,Minor,
285-1965,285,1965,1,285-1,0,Minor,Minor,
285-1966,285,1966,1,285-1,0,Minor,War,
285-1967,285,1967,1,285-1,0,Minor,War,
285-1968,285,1968,1,285-1,0,Minor,War,
285-1969,285,1969,1,285-1,0,Minor,War,
285-1970,285,1970,1,285-1,0,Minor,War,
285-1971,285,1971,1,285-1,0,Minor,War,
285-1972,285,1972,1,285-1,0,War,War,
285-1973,285,1973,1,285-1,0,War,War,
286-1964,286,1964,1,286-1,0,Minor,Minor,
286-1965,286,1965,1,286-1,0,Minor,Minor,
286-1966,286,1966,1,286-1,0,Minor,Minor,
286-1967,286,1967,1,286-1,1,Minor,Minor,
283-2006,283,2006,5,283-5,0,Minor,War,0
283-2007,283,2007,5,283-5,0,Minor,War,0
283-2008,283,2008,5,283-5,1,Minor,War,0
283-2011,283,2011,6,283-6,0,Minor,War,0
283-2012,283,2012,6,283-6,0,Minor,War,1
283-2013,283,2013,6,283-6,0,War,War,1
283-2014,283,2014,6,283-6,1,Minor,War,0
283-2016,283,2016,7,283-7,0,Minor,War,0
283-2017,283,2017,7,283-7,0,War,War,0
283-2018,283,2018,7,283-7,0,Minor,War,0
284-1964,284,1964,1,284-1,1,Minor,Minor,1
287-1965,287,1965,1,287-1,1,Minor,Minor,0
287-1991,287,1991,2,287-2,0,Minor,Minor,0
287-1992,287,1992,2,287-2,1,Minor,Minor,0
287-1994,287,1994,3,287-3,0,Minor,Minor,0
287-1995,287,1995,3,287-3,0,Minor,Minor,0
287-1996,287,1996,3,287-3,0,Minor,War,0
287-1997,287,1997,3,287-3,0,Minor,War,0
287-1998,287,1998,3,287-3,0,Minor,War,0
287-1999,287,1999,3,287-3,0,Minor,War,0
287-2000,287,2000,3,287-3,0,War,War,0
287-2001,287,2001,3,287-3,0,War,War,0
287-2002,287,2002,3,287-3,0,War,War,0
287-2003,287,2003,3,287-3,0,Minor,War,0
287-2004,287,2004,3,287-3,0,Minor,War,0
287-2005,287,2005,3,287-3,0,Minor,War,0
287-2006,287,2006,3,287-3,1,Minor,War,0
287-2008,287,2008,4,287-4,1,Minor,War,0
287-2014,287,2014,5,287-5,0,Minor,War,0
287-2015,287,2015,5,287-5,1,Minor,War,0
288-1966,288,1966,1,288-1,0,Minor,Minor,0
288-1967,288,1967,1,288-1,0,Minor,Minor,0
288-1968,288,1968,1,288-1,0,Minor,Minor,0
288-1969,288,1969,1,288-1,0,Minor,War,1
288-1970,288,1970,1,288-1,0,Minor,War,1
288-1971,288,1971,1,288-1,0,Minor,War,1
288-1972,288,1972,1,288-1,1,Minor,War,1
288-1976,288,1976,2,288-2,0,Minor,War,0
288-1977,288,1977,2,288-2,0,Minor,War,0
288-1978,288,1978,2,288-2,0,War,War,1
288-1979,288,1979,2,288-2,0,War,War,0
288-1980,288,1980,2,288-2,0,War,War,1
288-1981,288,1981,2,288-2,0,Minor,War,1
288-1982,288,1982,2,288-2,0,Minor,War,0
288-1983,288,1983,2,288-2,0,Minor,War,1
288-1984,288,1984,2,288-2,1,Minor,War,1
288-1986,288,1986,3,288-3,0,Minor,War,1
288-1987,288,1987,3,288-3,1,War,War,1
288-1989,288,1989,4,288-4,0,Minor,War,0
288-1990,288,1990,4,288-4,0,War,War,0
288-1991,288,1991,4,288-4,0,Minor,War,0
288-1992,288,1992,4,288-4,0,Minor,War,0
288-1993,288,1993,4,288-4,0,Minor,War,0
288-1994,288,1994,4,288-4,1,Minor,War,0
288-1997,288,1997,5,288-5,0,Minor,War,0
288-1998,288,1998,5,288-5,0,Minor,War,0
288-1999,288,1999,5,288-5,0,Minor,War,0
288-2000,288,2000,5,288-5,0,War,War,0
288-2001,288,2001,5,288-5,0,Minor,War,0
288-2002,288,2002,5,288-5,0,Minor,War,0
288-2003,288,2003,5,288-5,1,Minor,War,0
288-2005,288,2005,6,288-6,0,Minor,War,0
288-2006,288,2006,6,288-6,0,War,War,0
288-2007,288,2007,6,288-6,0,Minor,War,0
288-2008,288,2008,6,288-6,0,Minor,War,0
288-2009,288,2009,6,288-6,0,Minor,War,0
288-2010,288,2010,6,288-6,1,Minor,War,0
288-2018,288,2018,7,288-7,0,Minor,War,0
289-1964,289,1964,1,289-1,0,Minor,Minor,0
289-1965,289,1965,1,289-1,0,Minor,Minor,0
289-1966,289,1966,1,289-1,0,Minor,Minor,0
289-1967,289,1967,1,289-1,0,Minor,Minor,0
289-1968,289,1968,1,289-1,0,Minor,Minor,0
289-1969,289,1969,1,289-1,0,Minor,Minor,0
289-1970,289,1970,1,289-1,0,Minor,Minor,0
289-1971,289,1971,1,289-1,0,Minor,Minor,0
289-1972,289,1972,1,289-1,0,Minor,Minor,0
289-1973,289,1973,1,289-1,0,Minor,Minor,0
289-1974,289,1974,1,289-1,0,Minor,Minor,0
289-1975,289,1975,1,289-1,0,Minor,Minor,0
289-1976,289,1976,1,289-1,0,Minor,Minor,0
289-1977,289,1977,1,289-1,0,Minor,Minor,0
289-1978,289,1978,1,289-1,0,Minor,Minor,0
289-1979,289,1979,1,289-1,0,Minor,War,0
289-1980,289,1980,1,289-1,0,Minor,War,0
289-1981,289,1981,1,289-1,0,Minor,War,0
289-1982,289,1982,1,289-1,0,Minor,War,0
289-1983,289,1983,1,289-1,0,Minor,War,0
289-1984,289,1984,1,289-1,0,Minor,War,0
289-1985,289,1985,1,289-1,0,War,War,0
289-1986,289,1986,1,289-1,0,Minor,War,0
289-1987,289,1987,1,289-1,0,Minor,War,0
289-1988,289,1988,1,289-1,0,Minor,War,0
289-1989,289,1989,1,289-1,0,Minor,War,0
289-1990,289,1990,1,289-1,0,Minor,War,0
289-1991,289,1991,1,289-1,0,Minor,War,0
289-1992,289,1992,1,289-1,0,War,War,0
289-1993,289,1993,1,289-1,0,Minor,War,0
289-1994,289,1994,1,289-1,0,War,War,0
289-1995,289,1995,1,289-1,0,Minor,War,0
289-1996,289,1996,1,289-1,0,War,War,0
289-1997,289,1997,1,289-1,0,Minor,War,0
289-1998,289,1998,1,289-1,0,Minor,War,0
289-1999,289,1999,1,289-1,0,War,War,0
289-2000,289,2000,1,289-1,0,War,War,0
289-2001,289,2001,1,289-1,0,War,War,0
289-2002,289,2002,1,289-1,0,War,War,0
289-2003,289,2003,1,289-1,0,Minor,War,0
289-2004,289,2004,1,289-1,0,War,War,0
289-2005,289,2005,1,289-1,0,War,War,0
289-2006,289,2006,1,289-1,0,Minor,War,0
289-2007,289,2007,1,289-1,0,Minor,War,0
289-2008,289,2008,1,289-1,0,Minor,War,0
289-2009,289,2009,1,289-1,0,Minor,War,0
289-2010,289,2010,1,289-1,0,Minor,War,0
289-2011,289,2011,1,289-1,0,Minor,War,0
289-2012,289,2012,1,289-1,0,Minor,War,0
289-2013,289,2013,1,289-1,0,Minor,War,0
289-2014,289,2014,1,289-1,0,Minor,War,0
289-2015,289,2015,1,289-1,0,Minor,War,0
289-2016,289,2016,1,289-1,1,Minor,War,0
289-2018,289,2018,2,289-2,0,Minor,War,0
290-1965,290,1965,1,290-1,1,Minor,Minor,0
291-1965,291,1965,1,291-1,1,Minor,Minor,0
291-1967,291,1967,2,291-2,0,Minor,Minor,0
291-1968,291,1968,2,291-2,0,Minor,Minor,0
291-1969,291,1969,2,291-2,1,Minor,Minor,0
291-1976,291,1976,3,291-3,0,War,War,0
291-1977,291,1977,3,291-3,0,War,War,0
291-1978,291,1978,3,291-3,1,War,War,0
291-1981,291,1981,4,291-4,1,War,War,0
291-1984,291,1984,5,291-5,1,Minor,War,0
291-2018,291,2018,6,291-6,0,Minor,War,0
292-1965,292,1965,1,292-1,1,Minor,Minor,0
292-1982,292,1982,2,292-2,0,Minor,Minor,0
292-1983,292,1983,2,292-2,0,War,War,0
292-1984,292,1984,2,292-2,0,War,War,0
292-1985,292,1985,2,292-2,0,War,War,0
292-1986,292,1986,2,292-2,0,Minor,War,0
292-1987,292,1987,2,292-2,0,Minor,War,0
292-1988,292,1988,2,292-2,0,War,War,0
292-1989,292,1989,2,292-2,0,War,War,0
292-1990,292,1990,2,292-2,0,War,War,0
292-1991,292,1991,2,292-2,0,War,War,0
292-1992,292,1992,2,292-2,0,War,War,0
292-1993,292,1993,2,292-2,0,Minor,War,0
292-1994,292,1994,2,292-2,0,Minor,War,0
292-1995,292,1995,2,292-2,0,Minor,War,0
292-1996,292,1996,2,292-2,0,Minor,War,0
292-1997,292,1997,2,292-2,0,Minor,War,0
292-1998,292,1998,2,292-2,0,Minor,War,0
292-1999,292,1999,2,292-2,1,Minor,War,0
292-2007,292,2007,3,292-3,0,Minor,War,0
292-2008,292,2008,3,292-3,0,Minor,War,0
292-2009,292,2009,3,292-3,0,Minor,War,0
292-2010,292,2010,3,292-3,1,Minor,War,0
293-1965,293,1965,1,293-1,0,War,War,
293-1966,293,1966,1,293-1,0,War,War,
293-1967,293,1967,1,293-1,0,War,War,
293-1968,293,1968,1,293-1,0,War,War,
293-1969,293,1969,1,293-1,0,War,War,
293-1970,293,1970,1,293-1,0,War,War,
293-1971,293,1971,1,293-1,0,War,War,
293-1972,293,1972,1,293-1,0,War,War,
293-1973,293,1973,1,293-1,0,War,War,
293-1974,293,1974,1,293-1,0,War,War,
293-1975,293,1975,1,293-1,1,War,War,
294-1977,294,1977,1,294-1,0,Minor,Minor,
294-1978,294,1978,1,294-1,1,Minor,Minor,
295-1966,295,1966,1,295-1,1,Minor,Minor,0
295-1981,295,1981,2,295-2,1,Minor,Minor,0
294-2011,294,2011,2,294-2,1,Minor,Minor,
295-1983,295,1983,3,295-3,1,Minor,Minor,0
296-1966,296,1966,1,296-1,0,Minor,Minor,0
296-1967,296,1967,1,296-1,0,Minor,Minor,0
296-1968,296,1968,1,296-1,1,Minor,Minor,0
297-1966,297,1966,1,297-1,1,Minor,Minor,0
297-2009,297,2009,2,297-2,1,Minor,Minor,0
297-2011,297,2011,3,297-3,0,Minor,Minor,0
297-2012,297,2012,3,297-3,0,Minor,War,1
297-2013,297,2013,3,297-3,0,War,War,1
297-2014,297,2014,3,297-3,0,War,War,1
297-2015,297,2015,3,297-3,0,War,War,1
297-2016,297,2016,3,297-3,0,Minor,War,1
297-2017,297,2017,3,297-3,0,War,War,1
297-2018,297,2018,3,297-3,0,Minor,War,1
298-1988,298,1988,1,298-1,1,War,War,0
298-1966,298,1966,1,298-1,0,Minor,Minor,0
298-1967,298,1967,1,298-1,0,Minor,Minor,0
298-1968,298,1968,1,298-1,0,Minor,Minor,0
298-1969,298,1969,1,298-1,0,Minor,Minor,0
298-1970,298,1970,1,298-1,0,Minor,Minor,0
298-1971,298,1971,1,298-1,0,Minor,Minor,0
298-1972,298,1972,1,298-1,0,Minor,Minor,0
298-1973,298,1973,1,298-1,0,Minor,Minor,0
298-1974,298,1974,1,298-1,0,Minor,Minor,0
298-1975,298,1975,1,298-1,0,Minor,Minor,0
298-1976,298,1976,1,298-1,0,Minor,Minor,0
298-1977,298,1977,1,298-1,0,Minor,Minor,0
298-1978,298,1978,1,298-1,0,War,War,0
298-1979,298,1979,1,298-1,0,Minor,War,0
298-1980,298,1980,1,298-1,0,War,War,0
298-1981,298,1981,1,298-1,0,War,War,0
298-1982,298,1982,1,298-1,0,War,War,0
298-1983,298,1983,1,298-1,0,War,War,0
298-1984,298,1984,1,298-1,0,Minor,War,0
298-1985,298,1985,1,298-1,0,Minor,War,0
298-1986,298,1986,1,298-1,0,War,War,0
298-1987,298,1987,1,298-1,0,War,War,0
299-1966,299,1966,1,299-1,1,Minor,Minor,0
299-1979,299,1979,2,299-2,0,Minor,Minor,0
299-1980,299,1980,2,299-2,0,Minor,Minor,0
299-1981,299,1981,2,299-2,0,Minor,Minor,0
299-1982,299,1982,2,299-2,1,War,War,0
299-2011,299,2011,3,299-3,0,War,War,0
299-2012,299,2012,3,299-3,0,War,War,0
299-2013,299,2013,3,299-3,0,War,War,0
299-2014,299,2014,3,299-3,0,War,War,0
299-2015,299,2015,3,299-3,0,War,War,1
299-2016,299,2016,3,299-3,0,War,War,1
299-2017,299,2017,3,299-3,0,War,War,1
299-2018,299,2018,3,299-3,0,War,War,1
300-1967,300,1967,1,300-1,0,War,War,0
300-1968,300,1968,1,300-1,0,Minor,War,0
300-1969,300,1969,1,300-1,0,Minor,War,0
300-1970,300,1970,1,300-1,0,War,War,1
300-1971,300,1971,1,300-1,0,War,War,1
300-1972,300,1972,1,300-1,0,War,War,1
300-1973,300,1973,1,300-1,0,War,War,1
300-1974,300,1974,1,300-1,0,War,War,1
300-1975,300,1975,1,300-1,1,War,War,1
300-1978,300,1978,2,300-2,0,War,War,1
300-1980,300,1980,2,300-2,0,Minor,War,1
300-1979,300,1979,2,300-2,0,Minor,War,1
300-1981,300,1981,2,300-2,0,Minor,War,1
300-1982,300,1982,2,300-2,0,Minor,War,1
300-1983,300,1983,2,300-2,0,Minor,War,1
300-1984,300,1984,2,300-2,0,Minor,War,1
300-1985,300,1985,2,300-2,0,Minor,War,1
300-1986,300,1986,2,300-2,0,Minor,War,1
300-1987,300,1987,2,300-2,0,Minor,War,1
300-1988,300,1988,2,300-2,0,Minor,War,1
300-1989,300,1989,2,300-2,0,Minor,War,1
300-1990,300,1990,2,300-2,0,Minor,War,0
300-1991,300,1991,2,300-2,0,Minor,War,0
300-1992,300,1992,2,300-2,0,Minor,War,0
300-1993,300,1993,2,300-2,0,Minor,War,0
300-1994,300,1994,2,300-2,0,Minor,War,0
300-1995,300,1995,2,300-2,0,Minor,War,0
300-1996,300,1996,2,300-2,0,Minor,War,0
300-1997,300,1997,2,300-2,0,Minor,War,0
300-1998,300,1998,2,300-2,1,Minor,War,0
308-1981,308,1981,1,308-1,0,War,War,0
308-1982,308,1982,1,308-1,0,Minor,War,0
308-1983,308,1983,1,308-1,0,Minor,War,0
308-1984,308,1984,1,308-1,0,Minor,War,0
308-1985,308,1985,1,308-1,0,Minor,War,0
308-1970,308,1970,1,308-1,0,Minor,Minor,0
308-1971,308,1971,1,308-1,0,Minor,Minor,0
308-1972,308,1972,1,308-1,0,Minor,War,0
308-1973,308,1973,1,308-1,0,Minor,War,0
308-1974,308,1974,1,308-1,0,Minor,War,0
308-1975,308,1975,1,308-1,0,Minor,War,0
308-1976,308,1976,1,308-1,0,Minor,War,0
308-1977,308,1977,1,308-1,0,Minor,War,0
308-1978,308,1978,1,308-1,0,War,War,0
308-1979,308,1979,1,308-1,0,Minor,War,0
308-1980,308,1980,1,308-1,0,Minor,War,0
308-1986,308,1986,1,308-1,0,Minor,War,0
308-1987,308,1987,1,308-1,0,Minor,War,0
308-1988,308,1988,1,308-1,0,Minor,War,0
308-1989,308,1989,1,308-1,0,Minor,War,0
308-1990,308,1990,1,308-1,1,Minor,War,0
301-1967,301,1967,1,301-1,1,War,War,
302-1967,302,1967,1,302-1,1,War,War,
302-1973,302,1973,2,302-2,1,War,War,
303-1967,303,1967,1,303-1,0,War,War,0
303-1968,303,1968,1,303-1,0,War,War,0
303-1969,303,1969,1,303-1,0,War,War,0
303-1970,303,1970,1,303-1,1,War,War,0
304-1969,304,1969,1,304-1,1,Minor,Minor,
305-1969,305,1969,1,305-1,1,Minor,Minor,
306-1969,306,1969,1,306-1,1,War,War,
307-2000,307,2000,1,307-1,0,Minor,Minor,0
307-2001,307,2001,1,307-1,1,Minor,Minor,0
308-1993,308,1993,2,308-2,0,Minor,War,0
308-1994,308,1994,2,308-2,0,Minor,War,0
308-1995,308,1995,2,308-2,0,Minor,War,0
308-1996,308,1996,2,308-2,0,Minor,War,0
308-1997,308,1997,2,308-2,0,Minor,War,0
308-1998,308,1998,2,308-2,0,Minor,War,0
308-1999,308,1999,2,308-2,0,Minor,War,0
308-2000,308,2000,2,308-2,0,War,War,0
308-2001,308,2001,2,308-2,0,Minor,War,0
308-2002,308,2002,2,308-2,0,Minor,War,0
308-2003,308,2003,2,308-2,0,Minor,War,0
308-2004,308,2004,2,308-2,0,Minor,War,0
308-2005,308,2005,2,308-2,0,Minor,War,0
308-2006,308,2006,2,308-2,0,Minor,War,0
308-2007,308,2007,2,308-2,0,Minor,War,0
308-2008,308,2008,2,308-2,0,Minor,War,0
308-2009,308,2009,2,308-2,0,Minor,War,0
308-2010,308,2010,2,308-2,0,Minor,War,0
308-2011,308,2011,2,308-2,0,Minor,War,0
308-2012,308,2012,2,308-2,0,Minor,War,0
308-2013,308,2013,2,308-2,0,Minor,War,0
308-2014,308,2014,2,308-2,0,Minor,War,0
308-2015,308,2015,2,308-2,0,Minor,War,0
308-2016,308,2016,2,308-2,0,Minor,War,0
308-2017,308,2017,2,308-2,0,Minor,War,1
308-2018,308,2018,2,308-2,0,Minor,War,0
309-1971,309,1971,1,309-1,1,Minor,Minor,0
309-1976,309,1976,2,309-2,1,Minor,Minor,0
309-1983,309,1983,3,309-3,0,War,War,0
309-1984,309,1984,3,309-3,0,War,War,0
309-1985,309,1985,3,309-3,0,War,War,0
309-1986,309,1986,3,309-3,0,War,War,0
309-1987,309,1987,3,309-3,0,War,War,0
309-1988,309,1988,3,309-3,0,War,War,0
309-1989,309,1989,3,309-3,0,War,War,0
309-1990,309,1990,3,309-3,0,War,War,0
309-1991,309,1991,3,309-3,0,War,War,0
309-1992,309,1992,3,309-3,0,War,War,0
309-1993,309,1993,3,309-3,0,Minor,War,0
309-1994,309,1994,3,309-3,0,Minor,War,0
309-1995,309,1995,3,309-3,0,War,War,0
309-1996,309,1996,3,309-3,0,War,War,0
309-1997,309,1997,3,309-3,0,War,War,0
309-1998,309,1998,3,309-3,0,War,War,0
309-1999,309,1999,3,309-3,0,War,War,0
309-2000,309,2000,3,309-3,0,War,War,0
309-2001,309,2001,3,309-3,0,War,War,0
309-2002,309,2002,3,309-3,0,War,War,0
309-2003,309,2003,3,309-3,0,War,War,1
309-2004,309,2004,3,309-3,0,War,War,0
309-2005,309,2005,3,309-3,0,Minor,War,0
309-2006,309,2006,3,309-3,0,War,War,0
309-2007,309,2007,3,309-3,0,Minor,War,0
309-2008,309,2008,3,309-3,0,Minor,War,0
309-2009,309,2009,3,309-3,0,Minor,War,0
309-2010,309,2010,3,309-3,0,War,War,0
309-2011,309,2011,3,309-3,0,War,War,0
309-2012,309,2012,3,309-3,0,War,War,0
309-2013,309,2013,3,309-3,0,Minor,War,0
309-2014,309,2014,3,309-3,0,Minor,War,0
309-2015,309,2015,3,309-3,0,War,War,0
309-2016,309,2016,3,309-3,0,War,War,0
309-2017,309,2017,3,309-3,0,Minor,War,0
309-2018,309,2018,3,309-3,0,Minor,War,0
310-1971,310,1971,1,310-1,1,Minor,Minor,0
311-1971,311,1971,1,311-1,1,Minor,Minor,0
312-1971,312,1971,1,312-1,1,War,War,0
313-1971,313,1971,1,313-1,1,War,War,0
313-1989,313,1989,2,313-2,0,Minor,War,0
313-1990,313,1990,2,313-2,1,Minor,War,0
314-1971,314,1971,1,314-1,0,Minor,Minor,0
314-1972,314,1972,1,314-1,1,Minor,Minor,0
314-1974,314,1974,2,314-2,1,Minor,Minor,0
314-1979,314,1979,3,314-3,0,Minor,War,1
314-1980,314,1980,3,314-3,0,Minor,War,1
314-1981,314,1981,3,314-3,0,War,War,1
314-1982,314,1982,3,314-3,0,War,War,0
314-1983,314,1983,3,314-3,0,War,War,0
314-1984,314,1984,3,314-3,0,War,War,0
314-1985,314,1985,3,314-3,0,War,War,0
314-1986,314,1986,3,314-3,0,War,War,0
314-1987,314,1987,3,314-3,0,War,War,0
314-1988,314,1988,3,314-3,0,War,War,0
314-1989,314,1989,3,314-3,0,War,War,0
314-1990,314,1990,3,314-3,0,Minor,War,0
314-1991,314,1991,3,314-3,0,Minor,War,0
314-1992,314,1992,3,314-3,1,Minor,War,0
314-1994,314,1994,4,314-4,0,Minor,War,0
314-1995,314,1995,4,314-4,0,Minor,War,0
314-1996,314,1996,4,314-4,0,War,War,0
314-1997,314,1997,4,314-4,0,Minor,War,0
314-1998,314,1998,4,314-4,0,Minor,War,0
314-1999,314,1999,4,314-4,0,Minor,War,0
314-2000,314,2000,4,314-4,0,Minor,War,0
314-2001,314,2001,4,314-4,0,Minor,War,0
314-2002,314,2002,4,314-4,0,War,War,0
314-2003,314,2003,4,314-4,0,Minor,War,0
314-2004,314,2004,4,314-4,0,War,War,0
314-2005,314,2005,4,314-4,0,Minor,War,1
314-2006,314,2006,4,314-4,0,Minor,War,0
314-2007,314,2007,4,314-4,0,Minor,War,0
314-2008,314,2008,4,314-4,0,Minor,War,1
314-2009,314,2009,4,314-4,0,Minor,War,1
314-2010,314,2010,4,314-4,0,Minor,War,1
314-2011,314,2011,4,314-4,1,Minor,War,1
314-2014,314,2014,5,314-5,0,Minor,War,1
314-2015,314,2015,5,314-5,0,Minor,War,1
314-2016,314,2016,5,314-5,0,Minor,War,1
314-2013,314,2013,5,314-5,0,Minor,War,1
314-2017,314,2017,5,314-5,0,Minor,War,1
314-2018,314,2018,5,314-5,0,Minor,War,1
315-1971,315,1971,1,315-1,0,Minor,Minor,0
315-1972,315,1972,1,315-1,0,Minor,Minor,0
315-1973,315,1973,1,315-1,0,Minor,Minor,0
315-1974,315,1974,1,315-1,0,Minor,Minor,0
315-1975,315,1975,1,315-1,0,Minor,Minor,0
315-1976,315,1976,1,315-1,0,Minor,Minor,0
315-1977,315,1977,1,315-1,0,Minor,Minor,0
315-1978,315,1978,1,315-1,0,Minor,War,0
315-1979,315,1979,1,315-1,0,Minor,War,0
315-1980,315,1980,1,315-1,0,Minor,War,0
315-1981,315,1981,1,315-1,0,Minor,War,0
315-1982,315,1982,1,315-1,0,Minor,War,0
315-1983,315,1983,1,315-1,0,Minor,War,0
315-1984,315,1984,1,315-1,0,Minor,War,0
315-1985,315,1985,1,315-1,0,Minor,War,0
315-1986,315,1986,1,315-1,0,Minor,War,0
315-1987,315,1987,1,315-1,0,Minor,War,0
315-1988,315,1988,1,315-1,0,Minor,War,0
315-1989,315,1989,1,315-1,0,Minor,War,0
315-1990,315,1990,1,315-1,0,Minor,War,0
315-1991,315,1991,1,315-1,1,Minor,War,0
315-1998,315,1998,2,315-2,1,Minor,War,0
316-1972,316,1972,1,316-1,1,Minor,Minor,0
316-1979,316,1979,2,316-2,0,Minor,Minor,0
316-1980,316,1980,2,316-2,0,Minor,Minor,0
316-1981,316,1981,2,316-2,0,War,War,0
316-1982,316,1982,2,316-2,0,War,War,0
316-1983,316,1983,2,316-2,0,War,War,0
316-1984,316,1984,2,316-2,0,War,War,0
316-1985,316,1985,2,316-2,0,War,War,0
316-1986,316,1986,2,316-2,0,War,War,0
316-1987,316,1987,2,316-2,0,War,War,0
316-1988,316,1988,2,316-2,0,War,War,0
316-1989,316,1989,2,316-2,0,War,War,0
316-1990,316,1990,2,316-2,0,Minor,War,0
316-1991,316,1991,2,316-2,1,Minor,War,0
317-1969,317,1969,1,317-1,0,Minor,Minor,1
317-1970,317,1970,1,317-1,0,Minor,Minor,1
317-1971,317,1971,1,317-1,0,Minor,Minor,1
317-1972,317,1972,1,317-1,0,Minor,Minor,1
317-1973,317,1973,1,317-1,0,Minor,Minor,1
317-1974,317,1974,1,317-1,0,Minor,Minor,1
317-1975,317,1975,1,317-1,1,Minor,Minor,1
318-1967,318,1967,1,318-1,0,Minor,Minor,0
318-1968,318,1968,1,318-1,1,Minor,Minor,0
318-1973,318,1973,2,318-2,0,Minor,Minor,0
318-1974,318,1974,2,318-2,0,Minor,Minor,0
318-1975,318,1975,2,318-2,0,Minor,Minor,1
318-1976,318,1976,2,318-2,0,War,War,0
318-1977,318,1977,2,318-2,0,War,War,0
318-1978,318,1978,2,318-2,0,War,War,0
318-1979,318,1979,2,318-2,1,War,War,0
319-1972,319,1972,1,319-1,1,Minor,Minor,0
320-1972,320,1972,1,320-1,1,Minor,Minor,
320-1979,320,1979,2,320-2,1,Minor,Minor,
321-1973,321,1973,1,321-1,1,Minor,Minor,0
322-1975,322,1975,1,322-1,0,Minor,Minor,0
322-1976,322,1976,1,322-1,0,Minor,Minor,0
322-1977,322,1977,1,322-1,0,Minor,Minor,0
322-1978,322,1978,1,322-1,0,Minor,Minor,0
322-1979,322,1979,1,322-1,0,Minor,Minor,0
322-1980,322,1980,1,322-1,0,Minor,Minor,0
322-1981,322,1981,1,322-1,0,Minor,Minor,0
322-1982,322,1982,1,322-1,0,Minor,Minor,0
322-1983,322,1983,1,322-1,0,Minor,Minor,0
322-1984,322,1984,1,322-1,0,Minor,Minor,0
322-1985,322,1985,1,322-1,0,Minor,Minor,0
322-1986,322,1986,1,322-1,0,Minor,Minor,0
322-1987,322,1987,1,322-1,0,Minor,Minor,0
322-1988,322,1988,1,322-1,0,Minor,War,0
322-1989,322,1989,1,322-1,0,Minor,War,0
322-1990,322,1990,1,322-1,0,Minor,War,0
322-1991,322,1991,1,322-1,1,Minor,War,0
323-1974,323,1974,1,323-1,1,War,War,
324-1974,324,1974,1,324-1,1,Minor,Minor,
324-1980,324,1980,2,324-2,0,War,War,
324-1981,324,1981,2,324-2,0,War,War,
324-1982,324,1982,2,324-2,0,War,War,
324-1983,324,1983,2,324-2,0,War,War,
324-1984,324,1984,2,324-2,0,War,War,
324-1985,324,1985,2,324-2,0,War,War,
324-1986,324,1986,2,324-2,0,War,War,
324-1987,324,1987,2,324-2,0,War,War,
324-1988,324,1988,2,324-2,1,War,War,
325-1974,325,1974,1,325-1,0,War,War,0
325-1975,325,1975,1,325-1,0,Minor,War,0
325-1976,325,1976,1,325-1,0,Minor,War,0
325-1977,325,1977,1,325-1,1,Minor,War,0
325-2004,325,2004,2,325-2,1,Minor,War,0
325-2006,325,2006,3,325-3,0,Minor,War,0
325-2007,325,2007,3,325-3,0,Minor,War,0
325-2008,325,2008,3,325-3,0,Minor,War,0
325-2009,325,2009,3,325-3,1,Minor,War,0
325-2011,325,2011,4,325-4,0,Minor,War,0
325-2012,325,2012,4,325-4,0,Minor,War,0
325-2013,325,2013,4,325-4,0,Minor,War,0
325-2014,325,2014,4,325-4,0,Minor,War,0
325-2015,325,2015,4,325-4,0,Minor,War,0
325-2016,325,2016,4,325-4,1,Minor,War,0
326-1997,326,1997,1,326-1,1,Minor,Minor,0
326-1999,326,1999,2,326-2,1,Minor,Minor,0
326-2003,326,2003,3,326-3,1,Minor,Minor,0
327-1975,327,1975,1,327-1,0,War,War,1
327-1976,327,1976,1,327-1,0,War,War,1
327-1977,327,1977,1,327-1,0,War,War,1
327-1978,327,1978,1,327-1,0,War,War,1
327-1979,327,1979,1,327-1,0,War,War,1
327-1980,327,1980,1,327-1,0,War,War,1
327-1981,327,1981,1,327-1,0,War,War,1
327-1982,327,1982,1,327-1,0,War,War,1
327-1983,327,1983,1,327-1,0,War,War,1
327-1984,327,1984,1,327-1,0,War,War,1
327-1985,327,1985,1,327-1,0,War,War,1
327-1986,327,1986,1,327-1,0,War,War,1
327-1987,327,1987,1,327-1,0,War,War,1
327-1988,327,1988,1,327-1,0,War,War,1
327-1989,327,1989,1,327-1,0,War,War,1
327-1990,327,1990,1,327-1,0,War,War,0
327-1991,327,1991,1,327-1,0,Minor,War,0
327-1992,327,1992,1,327-1,0,War,War,0
327-1993,327,1993,1,327-1,0,War,War,0
327-1994,327,1994,1,327-1,0,War,War,0
327-1995,327,1995,1,327-1,1,Minor,War,0
327-1998,327,1998,2,327-2,0,War,War,0
327-1999,327,1999,2,327-2,0,War,War,1
327-2000,327,2000,2,327-2,0,War,War,1
327-2001,327,2001,2,327-2,0,War,War,1
327-2002,327,2002,2,327-2,1,Minor,War,1
328-1975,328,1975,1,328-1,0,Minor,Minor,
328-1976,328,1976,1,328-1,0,Minor,Minor,
328-1977,328,1977,1,328-1,1,Minor,Minor,
329-1964,329,1964,1,329-1,1,Minor,Minor,0
329-1976,329,1976,2,329-2,0,Minor,Minor,0
329-1977,329,1977,2,329-2,0,War,War,1
329-1978,329,1978,2,329-2,0,War,War,1
329-1979,329,1979,2,329-2,0,Minor,War,1
329-1980,329,1980,2,329-2,0,Minor,War,1
329-1981,329,1981,2,329-2,0,Minor,War,1
329-1982,329,1982,2,329-2,0,Minor,War,1
329-1983,329,1983,2,329-2,1,Minor,War,1
329-1993,329,1993,3,329-3,0,Minor,War,0
329-1994,329,1994,3,329-3,1,Minor,War,0
329-1996,329,1996,4,329-4,1,Minor,War,0
329-1998,329,1998,5,329-5,0,Minor,War,0
329-1999,329,1999,5,329-5,0,Minor,War,0
329-2000,329,2000,5,329-5,0,Minor,War,0
329-2001,329,2001,5,329-5,0,Minor,War,0
329-2002,329,2002,5,329-5,0,Minor,War,0
329-2003,329,2003,5,329-5,0,Minor,War,0
329-2004,329,2004,5,329-5,0,Minor,War,0
329-2005,329,2005,5,329-5,0,Minor,War,0
329-2006,329,2006,5,329-5,0,Minor,War,0
329-2007,329,2007,5,329-5,0,Minor,War,0
329-2008,329,2008,5,329-5,0,Minor,War,0
329-2009,329,2009,5,329-5,0,Minor,War,0
329-2010,329,2010,5,329-5,0,Minor,War,0
329-2011,329,2011,5,329-5,0,Minor,War,0
329-2012,329,2012,5,329-5,0,Minor,War,0
329-2013,329,2013,5,329-5,0,Minor,War,0
329-2014,329,2014,5,329-5,0,Minor,War,0
329-2015,329,2015,5,329-5,0,Minor,War,0
329-2016,329,2016,5,329-5,1,Minor,War,0
330-1975,330,1975,1,330-1,0,War,War,0
330-1976,330,1976,1,330-1,0,War,War,0
330-1977,330,1977,1,330-1,0,War,War,0
330-1978,330,1978,1,330-1,0,War,War,0
330-1979,330,1979,1,330-1,0,Minor,War,0
330-1980,330,1980,1,330-1,0,Minor,War,0
330-1981,330,1981,1,330-1,0,Minor,War,0
330-1982,330,1982,1,330-1,0,Minor,War,0
330-1983,330,1983,1,330-1,0,Minor,War,0
330-1984,330,1984,1,330-1,0,Minor,War,0
330-1985,330,1985,1,330-1,0,Minor,War,0
330-1986,330,1986,1,330-1,0,Minor,War,0
330-1987,330,1987,1,330-1,0,Minor,War,0
330-1988,330,1988,1,330-1,1,Minor,War,0
330-1992,330,1992,2,330-2,1,Minor,War,0
330-1997,330,1997,3,330-3,0,Minor,War,0
330-1998,330,1998,3,330-3,0,Minor,War,0
330-1999,330,1999,3,330-3,1,Minor,War,0
331-1975,331,1975,1,331-1,0,Minor,Minor,0
331-1976,331,1976,1,331-1,0,Minor,Minor,1
331-1977,331,1977,1,331-1,0,Minor,Minor,0
331-1978,331,1978,1,331-1,0,Minor,Minor,0
331-1979,331,1979,1,331-1,0,War,War,0
331-1980,331,1980,1,331-1,0,War,War,0
331-1981,331,1981,1,331-1,0,Minor,War,0
331-1982,331,1982,1,331-1,0,Minor,War,0
331-1983,331,1983,1,331-1,0,Minor,War,0
331-1984,331,1984,1,331-1,0,Minor,War,0
331-1985,331,1985,1,331-1,0,Minor,War,0
331-1986,331,1986,1,331-1,0,Minor,War,0
331-1987,331,1987,1,331-1,0,Minor,War,0
331-1988,331,1988,1,331-1,0,Minor,War,0
331-1989,331,1989,1,331-1,1,Minor,War,0
332-1977,332,1977,1,332-1,0,Minor,Minor,0
332-1978,332,1978,1,332-1,0,Minor,Minor,0
332-1979,332,1979,1,332-1,0,Minor,Minor,0
332-1980,332,1980,1,332-1,0,Minor,Minor,0
332-1981,332,1981,1,332-1,0,War,War,0
332-1982,332,1982,1,332-1,0,War,War,0
332-1983,332,1983,1,332-1,0,War,War,0
332-1984,332,1984,1,332-1,0,War,War,0
332-1985,332,1985,1,332-1,0,War,War,1
332-1986,332,1986,1,332-1,0,War,War,1
332-1987,332,1987,1,332-1,0,War,War,1
332-1988,332,1988,1,332-1,0,War,War,1
332-1989,332,1989,1,332-1,0,War,War,1
332-1990,332,1990,1,332-1,0,War,War,1
332-1991,332,1991,1,332-1,0,War,War,0
332-1992,332,1992,1,332-1,1,Minor,War,0
332-2013,332,2013,2,332-2,1,Minor,War,0
332-2016,332,2016,3,332-3,1,Minor,War,0
332-2018,332,2018,4,332-4,0,Minor,War,0
333-1978,333,1978,1,333-1,0,War,War,0
333-1979,333,1979,1,333-1,0,War,War,0
333-1980,333,1980,1,333-1,0,War,War,1
333-1996,333,1996,1,333-1,0,War,War,0
333-1997,333,1997,1,333-1,0,War,War,0
333-1998,333,1998,1,333-1,0,War,War,0
333-1999,333,1999,1,333-1,0,War,War,0
333-1981,333,1981,1,333-1,0,War,War,1
333-1982,333,1982,1,333-1,0,War,War,1
333-1983,333,1983,1,333-1,0,War,War,1
333-1984,333,1984,1,333-1,0,War,War,1
333-1985,333,1985,1,333-1,0,War,War,1
333-1986,333,1986,1,333-1,0,War,War,1
333-1987,333,1987,1,333-1,0,War,War,1
333-2000,333,2000,1,333-1,0,War,War,0
333-2001,333,2001,1,333-1,0,War,War,1
333-2002,333,2002,1,333-1,0,Minor,War,0
333-1988,333,1988,1,333-1,0,War,War,1
333-1989,333,1989,1,333-1,0,War,War,1
333-1990,333,1990,1,333-1,0,War,War,0
333-1991,333,1991,1,333-1,0,War,War,0
333-1992,333,1992,1,333-1,0,War,War,0
333-1993,333,1993,1,333-1,0,War,War,0
333-1994,333,1994,1,333-1,0,War,War,0
333-1995,333,1995,1,333-1,0,War,War,0
333-2003,333,2003,1,333-1,0,Minor,War,1
333-2004,333,2004,1,333-1,0,Minor,War,1
333-2005,333,2005,1,333-1,0,War,War,1
333-2006,333,2006,1,333-1,0,War,War,1
333-2007,333,2007,1,333-1,0,War,War,1
333-2015,333,2015,1,333-1,0,War,War,1
333-2016,333,2016,1,333-1,0,War,War,1
333-2017,333,2017,1,333-1,0,War,War,1
333-2018,333,2018,1,333-1,0,War,War,1
333-2008,333,2008,1,333-1,0,War,War,1
333-2009,333,2009,1,333-1,0,War,War,1
333-2010,333,2010,1,333-1,0,War,War,1
333-2011,333,2011,1,333-1,0,War,War,1
333-2012,333,2012,1,333-1,0,War,War,1
333-2013,333,2013,1,333-1,0,War,War,1
333-2014,333,2014,1,333-1,0,War,War,1
334-1974,334,1974,1,334-1,1,Minor,Minor,
334-1978,334,1978,2,334-2,0,Minor,Minor,
334-1979,334,1979,2,334-2,0,War,War,
334-1980,334,1980,2,334-2,0,Minor,War,
334-1981,334,1981,2,334-2,1,Minor,War,
334-1983,334,1983,3,334-3,0,Minor,War,
334-1984,334,1984,3,334-3,1,Minor,War,
334-1986,334,1986,4,334-4,0,Minor,War,
334-1987,334,1987,4,334-4,0,Minor,War,
334-1988,334,1988,4,334-4,1,Minor,War,
335-1979,335,1979,1,335-1,0,Minor,Minor,0
335-1980,335,1980,1,335-1,0,Minor,Minor,0
335-1981,335,1981,1,335-1,0,Minor,Minor,0
335-1982,335,1982,1,335-1,0,Minor,Minor,0
335-1983,335,1983,1,335-1,0,Minor,Minor,0
335-1984,335,1984,1,335-1,0,Minor,Minor,0
335-1985,335,1985,1,335-1,0,Minor,Minor,0
335-1986,335,1986,1,335-1,0,Minor,Minor,0
335-1987,335,1987,1,335-1,0,Minor,Minor,0
335-1988,335,1988,1,335-1,1,Minor,Minor,0
335-1992,335,1992,2,335-2,1,Minor,Minor,0
335-1997,335,1997,3,335-3,1,Minor,Minor,0
335-1999,335,1999,4,335-4,0,Minor,Minor,0
335-2000,335,2000,4,335-4,0,Minor,Minor,0
335-2001,335,2001,4,335-4,0,Minor,Minor,0
335-2002,335,2002,4,335-4,0,Minor,Minor,0
335-2003,335,2003,4,335-4,0,Minor,Minor,0
335-2004,335,2004,4,335-4,1,Minor,Minor,0
336-1977,336,1977,1,336-1,0,Minor,Minor,0
336-1978,336,1978,1,336-1,0,War,War,0
336-1979,336,1979,1,336-1,1,War,War,0
336-1982,336,1982,2,336-2,0,Minor,War,0
336-1983,336,1983,2,336-2,0,War,War,0
336-1984,336,1984,2,336-2,0,War,War,0
336-1985,336,1985,2,336-2,0,War,War,0
336-1986,336,1986,2,336-2,0,War,War,0
336-1987,336,1987,2,336-2,0,War,War,0
336-1988,336,1988,2,336-2,0,War,War,0
336-1989,336,1989,2,336-2,0,Minor,War,0
336-1990,336,1990,2,336-2,1,Minor,War,0
337-1982,337,1982,1,337-1,0,Minor,Minor,0
337-1983,337,1983,1,337-1,0,Minor,Minor,0
337-1984,337,1984,1,337-1,1,Minor,Minor,0
337-1986,337,1986,2,337-2,0,Minor,Minor,0
337-1987,337,1987,2,337-2,0,Minor,Minor,0
337-1988,337,1988,2,337-2,0,War,War,0
337-1989,337,1989,2,337-2,0,Minor,War,0
337-1990,337,1990,2,337-2,0,War,War,0
337-1991,337,1991,2,337-2,0,War,War,0
337-1992,337,1992,2,337-2,0,War,War,0
337-1993,337,1993,2,337-2,0,Minor,War,0
337-1994,337,1994,2,337-2,0,Minor,War,0
337-1995,337,1995,2,337-2,0,Minor,War,0
337-1996,337,1996,2,337-2,1,Minor,War,0
337-2001,337,2001,3,337-3,0,Minor,War,0
337-2002,337,2002,3,337-3,1,Minor,War,0
337-2006,337,2006,4,337-4,0,Minor,War,1
337-2007,337,2007,4,337-4,0,War,War,1
337-2008,337,2008,4,337-4,0,War,War,1
337-2009,337,2009,4,337-4,0,War,War,1
337-2010,337,2010,4,337-4,0,War,War,1
337-2011,337,2011,4,337-4,0,War,War,1
337-2012,337,2012,4,337-4,0,War,War,1
337-2013,337,2013,4,337-4,0,Minor,War,1
337-2014,337,2014,4,337-4,0,War,War,1
337-2015,337,2015,4,337-4,0,War,War,1
337-2016,337,2016,4,337-4,0,War,War,1
337-2017,337,2017,4,337-4,0,War,War,1
337-2018,337,2018,4,337-4,0,War,War,1
338-1979,338,1979,1,338-1,0,Minor,Minor,0
338-1980,338,1980,1,338-1,0,Minor,Minor,0
338-1981,338,1981,1,338-1,0,War,War,0
338-1982,338,1982,1,338-1,1,War,War,0
338-1986,338,1986,2,338-2,0,Minor,War,0
338-1987,338,1987,2,338-2,0,Minor,War,0
338-1988,338,1988,2,338-2,1,Minor,War,0
338-1991,338,1991,3,338-3,1,Minor,War,0
338-1993,338,1993,4,338-4,1,Minor,War,0
338-1997,338,1997,5,338-5,1,Minor,War,0
338-1999,338,1999,6,338-6,0,Minor,War,0
338-2000,338,2000,6,338-6,0,Minor,War,0
338-2001,338,2001,6,338-6,1,Minor,War,0
338-2005,338,2005,7,338-7,0,Minor,War,0
338-2006,338,2006,7,338-7,0,Minor,War,0
338-2007,338,2007,7,338-7,0,Minor,War,0
338-2008,338,2008,7,338-7,0,Minor,War,0
338-2009,338,2009,7,338-7,0,Minor,War,0
338-2010,338,2010,7,338-7,0,Minor,War,0
338-2011,338,2011,7,338-7,1,Minor,War,0
338-2018,338,2018,8,338-8,0,Minor,War,0
339-1979,339,1979,1,339-1,0,Minor,Minor,0
339-1980,339,1980,1,339-1,1,Minor,Minor,0
340-1979,340,1979,1,340-1,1,Minor,Minor,0
341-1980,341,1980,1,341-1,1,Minor,Minor,0
341-1989,341,1989,2,341-2,0,Minor,Minor,0
341-1990,341,1990,2,341-2,1,Minor,Minor,0
341-2000,341,2000,3,341-3,0,Minor,Minor,0
341-2001,341,2001,3,341-3,0,Minor,Minor,0
341-2002,341,2002,3,341-3,0,Minor,War,0
341-2003,341,2003,3,341-3,1,War,War,0
342-1978,342,1978,1,342-1,0,Minor,Minor,0
342-1979,342,1979,1,342-1,0,Minor,Minor,0
342-1980,342,1980,1,342-1,0,Minor,Minor,0
342-1981,342,1981,1,342-1,0,Minor,Minor,0
342-1982,342,1982,1,342-1,1,Minor,Minor,0
342-1985,342,1985,2,342-2,0,Minor,Minor,0
342-1986,342,1986,2,342-2,0,Minor,Minor,0
342-1987,342,1987,2,342-2,1,Minor,Minor,0
342-1991,342,1991,3,342-3,1,Minor,Minor,0
343-1980,343,1980,1,343-1,1,Minor,Minor,0
344-1981,344,1981,1,344-1,1,Minor,Minor,1
345-1981,345,1981,1,345-1,0,Minor,Minor,0
345-1982,345,1982,1,345-1,0,Minor,Minor,0
345-1983,345,1983,1,345-1,1,Minor,Minor,0
345-1985,345,1985,2,345-2,0,Minor,Minor,0
345-1986,345,1986,2,345-2,0,Minor,Minor,0
345-1987,345,1987,2,345-2,0,Minor,Minor,0
345-1988,345,1988,2,345-2,1,Minor,Minor,0
346-1982,346,1982,1,346-1,1,Minor,Minor,
347-1982,347,1982,1,347-1,0,Minor,Minor,0
347-1983,347,1983,1,347-1,0,Minor,Minor,0
347-1984,347,1984,1,347-1,0,Minor,Minor,0
347-1985,347,1985,1,347-1,0,Minor,Minor,0
347-1986,347,1986,1,347-1,0,Minor,Minor,0
347-1987,347,1987,1,347-1,0,Minor,Minor,0
347-1988,347,1988,1,347-1,1,Minor,Minor,0
347-1993,347,1993,2,347-2,0,Minor,Minor,0
347-1994,347,1994,2,347-2,0,Minor,Minor,0
347-1995,347,1995,2,347-2,0,Minor,Minor,0
347-1996,347,1996,2,347-2,1,Minor,Minor,0
347-1998,347,1998,3,347-3,0,Minor,Minor,0
347-1999,347,1999,3,347-3,0,Minor,Minor,0
347-2000,347,2000,3,347-3,1,Minor,Minor,0
347-2003,347,2003,4,347-4,0,Minor,Minor,0
347-2004,347,2004,4,347-4,0,Minor,Minor,0
347-2005,347,2005,4,347-4,0,Minor,Minor,0
347-2006,347,2006,4,347-4,0,Minor,Minor,0
347-2007,347,2007,4,347-4,0,Minor,Minor,0
347-2008,347,2008,4,347-4,0,Minor,Minor,0
347-2009,347,2009,4,347-4,1,Minor,War,0
348-1982,348,1982,1,348-1,1,Minor,Minor,0
349-1983,349,1983,1,349-1,1,Minor,Minor,
350-1983,350,1983,1,350-1,1,Minor,Minor,
351-1983,351,1983,1,351-1,0,Minor,Minor,0
351-1984,351,1984,1,351-1,0,Minor,Minor,0
351-1985,351,1985,1,351-1,0,Minor,Minor,0
351-1986,351,1986,1,351-1,0,Minor,Minor,0
351-1987,351,1987,1,351-1,0,Minor,War,0
351-1988,351,1988,1,351-1,0,War,War,0
351-1989,351,1989,1,351-1,0,Minor,War,0
351-1990,351,1990,1,351-1,0,War,War,0
351-1991,351,1991,1,351-1,0,War,War,0
351-1992,351,1992,1,351-1,0,War,War,0
351-1993,351,1993,1,351-1,1,Minor,War,0
352-1984,352,1984,1,352-1,0,Minor,Minor,0
352-1985,352,1985,1,352-1,0,Minor,Minor,0
352-1986,352,1986,1,352-1,0,Minor,War,0
352-1987,352,1987,1,352-1,0,War,War,0
352-1988,352,1988,1,352-1,0,Minor,War,0
352-1989,352,1989,1,352-1,0,Minor,War,0
352-1990,352,1990,1,352-1,0,War,War,0
352-1991,352,1991,1,352-1,0,War,War,0
352-1992,352,1992,1,352-1,0,War,War,0
352-1993,352,1993,1,352-1,0,War,War,0
352-1994,352,1994,1,352-1,0,Minor,War,0
352-1995,352,1995,1,352-1,0,War,War,0
352-1996,352,1996,1,352-1,0,War,War,0
352-1997,352,1997,1,352-1,0,War,War,0
352-1998,352,1998,1,352-1,0,War,War,0
352-1999,352,1999,1,352-1,0,War,War,0
352-2000,352,2000,1,352-1,0,War,War,0
352-2001,352,2001,1,352-1,1,War,War,0
352-2003,352,2003,2,352-2,1,Minor,War,0
352-2005,352,2005,3,352-3,0,Minor,War,0
352-2006,352,2006,3,352-3,0,War,War,0
352-2007,352,2007,3,352-3,0,War,War,0
352-2008,352,2008,3,352-3,0,War,War,0
352-2009,352,2009,3,352-3,1,War,War,0
353-1960,353,1960,1,353-1,0,War,War,1
353-1961,353,1961,1,353-1,1,Minor,War,0
353-1984,353,1984,2,353-2,1,Minor,War,0
353-2015,353,2015,3,353-3,0,Minor,War,1
353-2016,353,2016,3,353-3,0,Minor,War,0
353-2017,353,2017,3,353-3,1,Minor,War,0
354-1984,354,1984,1,354-1,0,Minor,Minor,0
354-1985,354,1985,1,354-1,0,Minor,Minor,0
354-1986,354,1986,1,354-1,0,Minor,Minor,0
354-1987,354,1987,1,354-1,0,Minor,War,0
354-1988,354,1988,1,354-1,0,Minor,War,0
354-1989,354,1989,1,354-1,0,Minor,War,0
354-1990,354,1990,1,354-1,0,Minor,War,0
354-1991,354,1991,1,354-1,0,Minor,War,0
354-1992,354,1992,1,354-1,0,War,War,0
354-1993,354,1993,1,354-1,0,War,War,0
354-1994,354,1994,1,354-1,0,War,War,0
354-1995,354,1995,1,354-1,0,War,War,0
354-1996,354,1996,1,354-1,0,War,War,0
354-1997,354,1997,1,354-1,0,War,War,0
354-1998,354,1998,1,354-1,0,War,War,0
354-1999,354,1999,1,354-1,0,War,War,0
354-2000,354,2000,1,354-1,0,Minor,War,0
354-2001,354,2001,1,354-1,0,Minor,War,0
354-2002,354,2002,1,354-1,0,Minor,War,0
354-2003,354,2003,1,354-1,0,Minor,War,0
354-2004,354,2004,1,354-1,0,Minor,War,0
354-2005,354,2005,1,354-1,0,Minor,War,0
354-2006,354,2006,1,354-1,0,Minor,War,0
354-2007,354,2007,1,354-1,0,Minor,War,0
354-2008,354,2008,1,354-1,0,Minor,War,0
354-2009,354,2009,1,354-1,0,Minor,War,0
354-2010,354,2010,1,354-1,0,Minor,War,0
354-2011,354,2011,1,354-1,0,Minor,War,0
354-2012,354,2012,1,354-1,0,Minor,War,0
354-2013,354,2013,1,354-1,1,Minor,War,0
354-2015,354,2015,2,354-2,0,Minor,War,0
354-2016,354,2016,2,354-2,0,War,War,0
354-2017,354,2017,2,354-2,0,Minor,War,0
354-2018,354,2018,2,354-2,0,Minor,War,0
355-1985,355,1985,1,355-1,1,Minor,Minor,
356-1986,356,1986,1,356-1,0,Minor,Minor,
356-1987,356,1987,1,356-1,0,Minor,Minor,
356-1988,356,1988,1,356-1,1,Minor,Minor,
357-1987,357,1987,1,357-1,1,Minor,Minor,0
358-1986,358,1986,1,358-1,1,Minor,Minor,0
359-1986,359,1986,1,359-1,1,War,War,0
360-1987,360,1987,1,360-1,1,Minor,Minor,0
360-2018,360,2018,2,360-2,0,Minor,Minor,1
361-1987,361,1987,1,361-1,1,War,War,
362-1989,362,1989,1,362-1,1,Minor,Minor,0
363-1975,363,1975,1,363-1,0,Minor,Minor,0
363-1976,363,1976,1,363-1,1,Minor,Minor,0
363-1996,363,1996,2,363-2,1,Minor,Minor,0
364-1990,364,1990,1,364-1,0,Minor,Minor,0
364-1991,364,1991,1,364-1,0,Minor,Minor,0
364-1992,364,1992,1,364-1,0,Minor,War,0
364-1993,364,1993,1,364-1,0,Minor,War,0
364-1994,364,1994,1,364-1,0,Minor,War,0
364-1995,364,1995,1,364-1,0,Minor,War,0
364-1996,364,1996,1,364-1,0,Minor,War,0
364-1997,364,1997,1,364-1,0,Minor,War,0
364-1998,364,1998,1,364-1,0,Minor,War,0
364-1999,364,1999,1,364-1,0,Minor,War,0
364-2000,364,2000,1,364-1,0,War,War,0
364-2001,364,2001,1,364-1,0,Minor,War,0
364-2002,364,2002,1,364-1,0,War,War,0
364-2003,364,2003,1,364-1,0,War,War,0
364-2004,364,2004,1,364-1,0,War,War,0
364-2005,364,2005,1,364-1,0,War,War,0
364-2006,364,2006,1,364-1,0,Minor,War,0
364-2007,364,2007,1,364-1,0,Minor,War,0
364-2008,364,2008,1,364-1,0,Minor,War,0
364-2009,364,2009,1,364-1,0,Minor,War,0
364-2010,364,2010,1,364-1,0,Minor,War,0
364-2011,364,2011,1,364-1,0,Minor,War,0
364-2012,364,2012,1,364-1,0,Minor,War,0
364-2013,364,2013,1,364-1,0,Minor,War,0
364-2014,364,2014,1,364-1,0,Minor,War,0
364-2015,364,2015,1,364-1,0,Minor,War,0
364-2016,364,2016,1,364-1,0,Minor,War,0
364-2017,364,2017,1,364-1,0,Minor,War,0
364-2018,364,2018,1,364-1,0,Minor,War,0
365-1990,365,1990,1,365-1,1,Minor,Minor,0
365-1994,365,1994,2,365-2,0,Minor,Minor,0
365-1995,365,1995,2,365-2,0,Minor,Minor,0
365-1996,365,1996,2,365-2,0,Minor,Minor,0
365-1997,365,1997,2,365-2,0,Minor,Minor,0
365-1998,365,1998,2,365-2,0,Minor,Minor,0
365-1999,365,1999,2,365-2,0,Minor,Minor,0
365-2000,365,2000,2,365-2,0,Minor,Minor,0
365-2001,365,2001,2,365-2,0,Minor,Minor,0
365-2002,365,2002,2,365-2,0,Minor,Minor,0
365-2003,365,2003,2,365-2,0,Minor,Minor,0
365-2004,365,2004,2,365-2,0,Minor,Minor,0
365-2005,365,2005,2,365-2,0,Minor,Minor,0
365-2006,365,2006,2,365-2,0,Minor,Minor,0
365-2007,365,2007,2,365-2,0,Minor,Minor,0
365-2008,365,2008,2,365-2,0,Minor,War,0
365-2009,365,2009,2,365-2,0,Minor,War,0
365-2010,365,2010,2,365-2,1,Minor,War,0
366-1990,366,1990,1,366-1,0,Minor,Minor,0
366-1991,366,1991,1,366-1,1,Minor,Minor,0
366-1999,366,1999,2,366-2,0,Minor,Minor,0
366-2000,366,2000,2,366-2,0,Minor,Minor,0
366-2001,366,2001,2,366-2,0,Minor,Minor,0
366-2002,366,2002,2,366-2,0,Minor,War,0
366-2003,366,2003,2,366-2,0,Minor,War,0
366-2004,366,2004,2,366-2,0,Minor,War,0
366-2005,366,2005,2,366-2,1,Minor,War,0
367-1989,367,1989,1,367-1,1,Minor,Minor,0
368-1989,368,1989,1,368-1,1,Minor,Minor,
369-1990,369,1990,1,369-1,1,Minor,Minor,0
369-1992,369,1992,2,369-2,0,Minor,Minor,0
369-1993,369,1993,2,369-2,0,Minor,Minor,0
369-1994,369,1994,2,369-2,0,Minor,Minor,0
369-1995,369,1995,2,369-2,0,Minor,Minor,0
369-1996,369,1996,2,369-2,1,Minor,Minor,0
370-1989,370,1989,1,370-1,1,Minor,Minor,0
371-1990,371,1990,1,371-1,0,War,War,
371-1991,371,1991,1,371-1,1,War,War,
372-1990,372,1990,1,372-1,1,Minor,Minor,0
372-1994,372,1994,2,372-2,1,Minor,Minor,0
372-2007,372,2007,3,372-3,0,Minor,Minor,0
372-2008,372,2008,3,372-3,0,Minor,Minor,0
372-2009,372,2009,3,372-3,1,Minor,Minor,0
372-2012,372,2012,4,372-4,1,Minor,Minor,0
372-2014,372,2014,5,372-5,0,Minor,Minor,0
372-2015,372,2015,5,372-5,1,Minor,Minor,1
373-1994,373,1994,1,373-1,1,Minor,Minor,0
374-1990,374,1990,1,374-1,0,War,War,1
374-1991,374,1991,1,374-1,0,Minor,War,0
374-1992,374,1992,1,374-1,0,Minor,War,0
374-1993,374,1993,1,374-1,0,Minor,War,0
374-1994,374,1994,1,374-1,1,War,War,0
374-1996,374,1996,2,374-2,0,Minor,War,0
374-1997,374,1997,2,374-2,0,Minor,War,0
374-1998,374,1998,2,374-2,0,War,War,0
374-1999,374,1999,2,374-2,0,Minor,War,0
374-2000,374,2000,2,374-2,0,Minor,War,0
374-2001,374,2001,2,374-2,0,War,War,0
374-2002,374,2002,2,374-2,1,Minor,War,0
374-2009,374,2009,3,374-3,0,War,War,1
374-2010,374,2010,3,374-3,0,Minor,War,1
374-2011,374,2011,3,374-3,0,Minor,War,1
374-2012,374,2012,3,374-3,1,Minor,War,1
374-2016,374,2016,4,374-4,1,Minor,War,1
374-2018,374,2018,5,374-5,0,Minor,War,1
375-1990,375,1990,1,375-1,1,Minor,Minor,0
375-1992,375,1992,2,375-2,0,Minor,Minor,0
375-1993,375,1993,2,375-2,1,Minor,Minor,0
375-1995,375,1995,3,375-3,1,Minor,Minor,0
375-1997,375,1997,4,375-4,0,Minor,Minor,0
375-1998,375,1998,4,375-4,1,Minor,War,0
375-2000,375,2000,5,375-5,0,Minor,War,0
375-2001,375,2001,5,375-5,1,Minor,War,0
375-2003,375,2003,6,375-6,1,Minor,War,0
375-2011,375,2011,7,375-7,1,Minor,War,0
376-1990,376,1990,1,376-1,0,Minor,Minor,0
376-1991,376,1991,1,376-1,1,Minor,Minor,0
377-1990,377,1990,1,377-1,1,Minor,Minor,0
378-1990,378,1990,1,378-1,1,Minor,Minor,0
379-1991,379,1991,1,379-1,0,Minor,Minor,0
379-1992,379,1992,1,379-1,0,Minor,Minor,0
379-1993,379,1993,1,379-1,0,Minor,Minor,0
379-1994,379,1994,1,379-1,1,Minor,Minor,0
379-1999,379,1999,2,379-2,1,Minor,Minor,0
380-1991,380,1991,1,380-1,0,Minor,Minor,0
380-1992,380,1992,1,380-1,0,Minor,Minor,0
380-1993,380,1993,1,380-1,1,Minor,Minor,0
381-1989,381,1989,1,381-1,1,Minor,Minor,0
381-1991,381,1991,2,381-2,1,Minor,Minor,0
381-2004,381,2004,3,381-3,1,Minor,Minor,0
382-1991,382,1991,1,382-1,0,Minor,Minor,1
382-1992,382,1992,1,382-1,0,Minor,Minor,1
382-1993,382,1993,1,382-1,0,Minor,War,1
382-1994,382,1994,1,382-1,0,Minor,War,1
382-1995,382,1995,1,382-1,0,War,War,1
382-1996,382,1996,1,382-1,0,Minor,War,1
382-1997,382,1997,1,382-1,0,Minor,War,1
382-1998,382,1998,1,382-1,0,War,War,1
382-1999,382,1999,1,382-1,0,War,War,1
382-2000,382,2000,1,382-1,0,Minor,War,1
382-2001,382,2001,1,382-1,1,Minor,War,0
383-1991,383,1991,1,383-1,0,Minor,Minor,0
383-1992,383,1992,1,383-1,1,Minor,Minor,0
383-1995,383,1995,2,383-2,1,Minor,Minor,0
383-2005,383,2005,3,383-3,1,Minor,Minor,0
383-2016,383,2016,4,383-4,1,Minor,Minor,0
384-1991,384,1991,1,384-1,1,Minor,Minor,0
385-1991,385,1991,1,385-1,0,War,War,0
385-1992,385,1992,1,385-1,1,Minor,War,0
386-1991,386,1991,1,386-1,0,Minor,Minor,0
386-1992,386,1992,1,386-1,0,Minor,Minor,0
386-1993,386,1993,1,386-1,0,Minor,War,0
386-1994,386,1994,1,386-1,0,War,War,0
386-1995,386,1995,1,386-1,0,War,War,0
386-1996,386,1996,1,386-1,0,War,War,0
386-1997,386,1997,1,386-1,0,War,War,0
386-1998,386,1998,1,386-1,0,War,War,0
386-1999,386,1999,1,386-1,0,War,War,0
386-2000,386,2000,1,386-1,0,Minor,War,0
386-2001,386,2001,1,386-1,0,Minor,War,0
386-2002,386,2002,1,386-1,0,Minor,War,0
386-2003,386,2003,1,386-1,0,Minor,War,0
386-2004,386,2004,1,386-1,0,Minor,War,1
386-2005,386,2005,1,386-1,0,Minor,War,0
386-2006,386,2006,1,386-1,0,Minor,War,0
386-2007,386,2007,1,386-1,0,Minor,War,0
386-2008,386,2008,1,386-1,0,Minor,War,0
386-2009,386,2009,1,386-1,0,Minor,War,0
386-2010,386,2010,1,386-1,0,Minor,War,0
386-2011,386,2011,1,386-1,0,Minor,War,0
386-2012,386,2012,1,386-1,0,Minor,War,0
386-2013,386,2013,1,386-1,0,Minor,War,0
386-2014,386,2014,1,386-1,0,Minor,War,0
386-2015,386,2015,1,386-1,0,Minor,War,0
386-2016,386,2016,1,386-1,0,Minor,War,0
386-2017,386,2017,1,386-1,0,Minor,War,0
386-2018,386,2018,1,386-1,0,Minor,War,0
387-1991,387,1991,1,387-1,1,Minor,Minor,0
387-1994,387,1994,2,387-2,1,Minor,Minor,0
387-1996,387,1996,3,387-3,0,Minor,Minor,0
387-1997,387,1997,3,387-3,0,Minor,Minor,0
387-1998,387,1998,3,387-3,1,Minor,Minor,0
387-2002,387,2002,4,387-4,1,Minor,Minor,0
387-2004,387,2004,5,387-5,1,Minor,Minor,0
387-2007,387,2007,6,387-6,1,Minor,Minor,0
387-2009,387,2009,7,387-7,1,Minor,Minor,0
387-2017,387,2017,8,387-8,1,Minor,Minor,0
388-1991,388,1991,1,388-1,0,Minor,Minor,1
388-1992,388,1992,1,388-1,0,War,War,1
388-1993,388,1993,1,388-1,0,War,War,1
388-1994,388,1994,1,388-1,1,War,War,0
388-1997,388,1997,2,388-2,0,Minor,War,1
388-1998,388,1998,2,388-2,1,Minor,War,1
388-2005,388,2005,3,388-3,1,Minor,War,1
388-2008,388,2008,4,388-4,1,Minor,War,1
388-2012,388,2012,5,388-5,1,Minor,War,1
388-2014,388,2014,6,388-6,0,Minor,War,1
388-2015,388,2015,6,388-6,0,Minor,War,1
388-2016,388,2016,6,388-6,0,Minor,War,1
388-2017,388,2017,6,388-6,1,Minor,War,1
389-1992,389,1992,1,389-1,0,War,War,1
389-1993,389,1993,1,389-1,0,War,War,1
389-1994,389,1994,1,389-1,0,War,War,0
389-1995,389,1995,1,389-1,1,War,War,0
390-1993,390,1993,1,390-1,1,Minor,Minor,1
390-1992,390,1992,1,390-1,0,Minor,Minor,1
390-1995,390,1995,2,390-2,1,Minor,War,0
391-1993,391,1993,1,391-1,0,Minor,Minor,0
391-1994,391,1994,1,391-1,0,Minor,Minor,0
391-1995,391,1995,1,391-1,0,Minor,Minor,0
391-1996,391,1996,1,391-1,0,Minor,Minor,0
391-1997,391,1997,1,391-1,0,Minor,Minor,0
391-1998,391,1998,1,391-1,1,Minor,Minor,0
391-2014,391,2014,2,391-2,1,Minor,Minor,0
391-2017,391,2017,3,391-3,0,Minor,War,0
391-2018,391,2018,3,391-3,0,Minor,War,0
392-1992,392,1992,1,392-1,0,Minor,Minor,0
392-1993,392,1993,1,392-1,1,War,War,0
393-1992,393,1992,1,393-1,1,Minor,Minor,0
393-2004,393,2004,2,393-2,1,Minor,Minor,0
393-2008,393,2008,3,393-3,1,Minor,Minor,1
394-1992,394,1992,1,394-1,1,Minor,Minor,0
395-1992,395,1992,1,395-1,0,War,War,0
395-1993,395,1993,1,395-1,0,War,War,1
395-1994,395,1994,1,395-1,0,Minor,War,1
395-1995,395,1995,1,395-1,0,Minor,War,1
395-1996,395,1996,1,395-1,0,War,War,1
395-1997,395,1997,1,395-1,0,Minor,War,0
395-1998,395,1998,1,395-1,1,Minor,War,0
395-2000,395,2000,2,395-2,1,Minor,War,0
395-2010,395,2010,3,395-3,0,Minor,War,0
395-2011,395,2011,3,395-3,1,Minor,War,0
396-1993,396,1993,1,396-1,1,Minor,Minor,0
396-1995,396,1995,2,396-2,1,Minor,Minor,0
397-1993,397,1993,1,397-1,0,Minor,Minor,0
397-1994,397,1994,1,397-1,0,Minor,Minor,0
397-1995,397,1995,1,397-1,1,Minor,Minor,0
398-1993,398,1993,1,398-1,0,War,War,1
398-1994,398,1994,1,398-1,1,Minor,War,0
399-1993,399,1993,1,399-1,1,Minor,Minor,0
400-1994,400,1994,1,400-1,1,Minor,Minor,0
400-1996,400,1996,2,400-2,1,Minor,Minor,0
401-1994,401,1994,1,401-1,0,Minor,Minor,0
401-1995,401,1995,1,401-1,0,War,War,0
401-1996,401,1996,1,401-1,1,War,War,0
401-1999,401,1999,2,401-2,0,War,War,0
401-2000,401,2000,2,401-2,0,War,War,0
401-2001,401,2001,2,401-2,0,Minor,War,0
401-2002,401,2002,2,401-2,0,War,War,0
401-2003,401,2003,2,401-2,0,Minor,War,0
401-2004,401,2004,2,401-2,0,War,War,0
401-2005,401,2005,2,401-2,0,Minor,War,0
401-2006,401,2006,2,401-2,0,Minor,War,0
401-2007,401,2007,2,401-2,1,Minor,War,0
402-1994,402,1994,1,402-1,1,War,War,0
403-1995,403,1995,1,403-1,1,Minor,Minor,
404-1990,404,1990,1,404-1,1,Minor,Minor,0
404-1994,404,1994,2,404-2,0,Minor,Minor,0
404-1995,404,1995,2,404-2,0,Minor,Minor,0
404-1996,404,1996,2,404-2,1,Minor,Minor,0
404-2007,404,2007,3,404-3,0,Minor,Minor,0
404-2008,404,2008,3,404-3,0,War,War,0
404-2009,404,2009,3,404-3,0,War,War,0
404-2010,404,2010,3,404-3,0,War,War,0
404-2011,404,2011,3,404-3,0,War,War,0
404-2012,404,2012,3,404-3,0,War,War,0
404-2013,404,2013,3,404-3,0,War,War,0
404-2014,404,2014,3,404-3,0,War,War,0
404-2015,404,2015,3,404-3,0,War,War,1
404-2016,404,2016,3,404-3,0,Minor,War,1
404-2017,404,2017,3,404-3,0,Minor,War,1
404-2018,404,2018,3,404-3,0,Minor,War,1
405-1996,405,1996,1,405-1,1,Minor,Minor,
406-1995,406,1995,1,406-1,1,Minor,Minor,0
407-1997,407,1997,1,407-1,1,Minor,Minor,0
408-1993,408,1993,1,408-1,1,Minor,Minor,0
408-1997,408,1997,2,408-2,0,War,War,1
408-1998,408,1998,2,408-2,0,War,War,1
408-1999,408,1999,2,408-2,1,Minor,War,1
408-2002,408,2002,3,408-3,1,Minor,War,1
408-2016,408,2016,4,408-4,1,Minor,War,0
409-1998,409,1998,1,409-1,0,War,War,
409-1999,409,1999,1,409-1,0,War,War,
409-2000,409,2000,1,409-1,1,War,War,
409-2016,409,2016,2,409-2,1,Minor,War,
410-1998,410,1998,1,410-1,0,Minor,Minor,1
410-1999,410,1999,1,410-1,1,Minor,Minor,1
411-1998,411,1998,1,411-1,1,Minor,Minor,1
412-1998,412,1998,1,412-1,0,War,War,0
412-1999,412,1999,1,412-1,1,War,War,1
413-1977,413,1977,1,413-1,0,Minor,Minor,0
413-1978,413,1978,1,413-1,1,Minor,Minor,0
413-1980,413,1980,2,413-2,0,Minor,Minor,1
413-1981,413,1981,2,413-2,1,War,War,0
413-1983,413,1983,3,413-3,0,Minor,War,0
413-1984,413,1984,3,413-3,0,Minor,War,0
413-1985,413,1985,3,413-3,0,Minor,War,0
413-1986,413,1986,3,413-3,0,Minor,War,0
413-1987,413,1987,3,413-3,0,Minor,War,0
413-1988,413,1988,3,413-3,0,Minor,War,0
413-1989,413,1989,3,413-3,0,Minor,War,0
413-1990,413,1990,3,413-3,0,Minor,War,0
413-1991,413,1991,3,413-3,0,Minor,War,0
413-1992,413,1992,3,413-3,1,Minor,War,0
413-1994,413,1994,4,413-4,0,Minor,War,0
413-1995,413,1995,4,413-4,1,Minor,War,0
413-1998,413,1998,5,413-5,0,Minor,War,0
413-1999,413,1999,5,413-5,0,Minor,War,0
413-2000,413,2000,5,413-5,0,Minor,War,0
413-2001,413,2001,5,413-5,0,Minor,War,0
413-2002,413,2002,5,413-5,0,Minor,War,0
413-2003,413,2003,5,413-5,0,Minor,War,0
413-2004,413,2004,5,413-5,0,Minor,War,0
413-2005,413,2005,5,413-5,0,Minor,War,0
413-2006,413,2006,5,413-5,0,Minor,War,0
413-2007,413,2007,5,413-5,0,Minor,War,0
413-2008,413,2008,5,413-5,0,Minor,War,0
413-2009,413,2009,5,413-5,0,Minor,War,0
413-2010,413,2010,5,413-5,0,Minor,War,0
413-2011,413,2011,5,413-5,0,Minor,War,0
413-2012,413,2012,5,413-5,0,Minor,War,0
413-2013,413,2013,5,413-5,1,Minor,War,0
413-2015,413,2015,6,413-6,0,Minor,War,0
413-2016,413,2016,6,413-6,1,Minor,War,0
414-1999,414,1999,1,414-1,1,Minor,Minor,0
415-1999,415,1999,1,415-1,0,Minor,Minor,0
415-2000,415,2000,1,415-1,1,Minor,Minor,1
415-2004,415,2004,2,415-2,1,Minor,Minor,0
416-2001,416,2001,1,416-1,0,Minor,Minor,1
416-2002,416,2002,1,416-1,1,Minor,Minor,0
416-2006,416,2006,2,416-2,1,Minor,Minor,1
416-2009,416,2009,3,416-3,0,Minor,Minor,0
416-2010,416,2010,3,416-3,0,Minor,Minor,0
416-2011,416,2011,3,416-3,0,Minor,Minor,0
416-2012,416,2012,3,416-3,0,Minor,Minor,0
416-2013,416,2013,3,416-3,1,Minor,Minor,0
416-2018,416,2018,4,416-4,0,Minor,War,0
417-2001,417,2001,1,417-1,1,Minor,Minor,0
418-2001,418,2001,1,418-1,0,War,War,1
418-2002,418,2002,1,418-1,0,Minor,War,1
418-2003,418,2003,1,418-1,0,Minor,War,1
418-2004,418,2004,1,418-1,0,Minor,War,1
418-2005,418,2005,1,418-1,0,Minor,War,1
418-2006,418,2006,1,418-1,0,Minor,War,1
418-2007,418,2007,1,418-1,0,Minor,War,1
418-2008,418,2008,1,418-1,0,Minor,War,1
418-2009,418,2009,1,418-1,0,Minor,War,1
418-2010,418,2010,1,418-1,0,Minor,War,1
418-2011,418,2011,1,418-1,0,Minor,War,1
418-2012,418,2012,1,418-1,0,Minor,War,1
418-2013,418,2013,1,418-1,0,Minor,War,1
418-2014,418,2014,1,418-1,0,Minor,War,1
418-2015,418,2015,1,418-1,0,Minor,War,1
418-2016,418,2016,1,418-1,0,Minor,War,1
418-2017,418,2017,1,418-1,1,Minor,War,1
419-2002,419,2002,1,419-1,0,Minor,Minor,0
419-2003,419,2003,1,419-1,0,Minor,Minor,0
419-2004,419,2004,1,419-1,1,Minor,Minor,0
419-2011,419,2011,2,419-2,1,Minor,Minor,0
421-1989,421,1989,1,421-1,0,Minor,Minor,0
421-1990,421,1990,1,421-1,1,Minor,Minor,0
421-1994,421,1994,2,421-2,1,Minor,Minor,0
420-2003,420,2003,1,420-1,1,War,War,
421-1996,421,1996,3,421-3,0,Minor,Minor,0
421-1997,421,1997,3,421-3,0,Minor,Minor,0
421-1998,421,1998,3,421-3,0,Minor,Minor,0
421-1999,421,1999,3,421-3,1,Minor,Minor,0
421-2001,421,2001,4,421-4,0,Minor,Minor,0
421-2002,421,2002,4,421-4,0,Minor,Minor,0
421-2003,421,2003,4,421-4,0,Minor,Minor,0
421-2004,421,2004,4,421-4,1,Minor,Minor,0
421-2009,421,2009,5,421-5,0,Minor,Minor,0
421-2010,421,2010,5,421-5,1,Minor,Minor,0
421-2013,421,2013,6,421-6,0,Minor,Minor,0
421-2014,421,2014,6,421-6,1,Minor,Minor,0
422-1997,422,1997,1,422-1,1,Minor,Minor,0
423-2003,423,2003,1,423-1,0,Minor,Minor,0
423-2004,423,2004,1,423-1,0,Minor,Minor,0
423-2005,423,2005,1,423-1,0,Minor,Minor,0
423-2006,423,2006,1,423-1,0,Minor,Minor,0
423-2007,423,2007,1,423-1,0,Minor,Minor,0
423-2008,423,2008,1,423-1,0,Minor,Minor,0
423-2009,423,2009,1,423-1,0,Minor,War,0
423-2010,423,2010,1,423-1,0,Minor,War,0
423-2011,423,2011,1,423-1,0,Minor,War,0
423-2012,423,2012,1,423-1,0,Minor,War,0
423-2013,423,2013,1,423-1,0,Minor,War,0
423-2014,423,2014,1,423-1,0,Minor,War,0
423-2015,423,2015,1,423-1,0,Minor,War,0
423-2016,423,2016,1,423-1,0,Minor,War,0
423-2017,423,2017,1,423-1,0,Minor,War,0
423-2018,423,2018,1,423-1,0,Minor,War,0
424-2004,424,2004,1,424-1,1,Minor,Minor,0
425-2004,425,2004,1,425-1,1,Minor,Minor,0
426-1990,426,1990,1,426-1,0,Minor,Minor,0
426-1991,426,1991,1,426-1,0,Minor,Minor,0
426-1992,426,1992,1,426-1,0,Minor,Minor,0
426-1993,426,1993,1,426-1,0,Minor,Minor,0
426-1994,426,1994,1,426-1,0,Minor,Minor,0
426-1995,426,1995,1,426-1,0,Minor,Minor,0
426-1996,426,1996,1,426-1,0,Minor,Minor,0
426-1997,426,1997,1,426-1,0,Minor,Minor,0
426-1998,426,1998,1,426-1,0,Minor,Minor,0
426-1999,426,1999,1,426-1,1,Minor,Minor,0
426-2006,426,2006,2,426-2,1,Minor,War,0
427-1978,427,1978,1,427-1,1,Minor,Minor,
428-1975,428,1975,1,428-1,0,Minor,Minor,0
428-1976,428,1976,1,428-1,0,Minor,Minor,0
428-1977,428,1977,1,428-1,0,Minor,War,0
428-1978,428,1978,1,428-1,1,Minor,War,0
429-2007,429,2007,1,429-1,0,Minor,Minor,0
429-2008,429,2008,1,429-1,1,Minor,Minor,0
429-2017,429,2017,2,429-2,1,Minor,Minor,0
430-1991,430,1991,1,430-1,0,Minor,Minor,0
430-1992,430,1992,1,430-1,1,Minor,Minor,0
430-1997,430,1997,2,430-2,1,Minor,Minor,0
430-2007,430,2007,3,430-3,0,Minor,Minor,0
430-2008,430,2008,3,430-3,1,Minor,Minor,0
431-1979,431,1979,1,431-1,1,Minor,Minor,
432-2007,432,2007,1,432-1,0,Minor,Minor,0
432-2008,432,2008,1,432-1,0,Minor,Minor,0
432-2009,432,2009,1,432-1,0,Minor,War,0
432-2010,432,2010,1,432-1,0,Minor,War,0
432-2011,432,2011,1,432-1,0,Minor,War,0
432-2012,432,2012,1,432-1,0,Minor,War,0
432-2013,432,2013,1,432-1,0,Minor,War,0
432-2014,432,2014,1,432-1,0,Minor,War,0
432-2015,432,2015,1,432-1,1,Minor,War,0
434-2008,434,2008,1,434-1,1,Minor,Minor,0
435-2008,435,2008,1,435-1,1,Minor,Minor,
436-1977,436,1977,1,436-1,0,Minor,Minor,0
436-1978,436,1978,1,436-1,0,Minor,Minor,0
436-1979,436,1979,1,436-1,0,Minor,Minor,0
436-1980,436,1980,1,436-1,1,Minor,Minor,1
437-1983,437,1983,1,437-1,1,Minor,Minor,0
439-2009,439,2009,1,439-1,1,Minor,Minor,0
439-2014,439,2014,2,439-2,0,Minor,Minor,0
439-2015,439,2015,2,439-2,1,Minor,Minor,0
439-2017,439,2017,3,439-3,1,Minor,Minor,0
440-1973,440,1973,1,440-1,0,Minor,Minor,0
440-1974,440,1974,1,440-1,0,Minor,Minor,0
440-1975,440,1975,1,440-1,0,Minor,Minor,0
440-1976,440,1976,1,440-1,0,Minor,Minor,0
440-1977,440,1977,1,440-1,0,Minor,Minor,0
440-1978,440,1978,1,440-1,0,Minor,Minor,0
440-1979,440,1979,1,440-1,0,Minor,Minor,0
440-1980,440,1980,1,440-1,0,Minor,Minor,0
440-1981,440,1981,1,440-1,0,Minor,Minor,0
440-1982,440,1982,1,440-1,1,Minor,Minor,0
442-2010,442,2010,1,442-1,0,Minor,Minor,1
442-2011,442,2011,1,442-1,1,Minor,Minor,0
11342-2012,11342,2012,1,11342-1,1,Minor,Minor,0
11342-2014,11342,2014,2,11342-2,1,Minor,Minor,0
11343-1967,11343,1967,1,11343-1,1,War,War,
11343-1969,11343,1969,2,11343-2,0,Minor,War,
11343-1970,11343,1970,2,11343-2,1,Minor,War,
11343-1973,11343,1973,3,11343-3,1,War,War,
11344-2011,11344,2011,1,11344-1,1,Minor,Minor,0
11345-2011,11345,2011,1,11345-1,0,Minor,Minor,0
11345-2012,11345,2012,1,11345-1,0,Minor,Minor,0
11345-2013,11345,2013,1,11345-1,0,Minor,War,0
11345-2014,11345,2014,1,11345-1,0,War,War,1
11345-2015,11345,2015,1,11345-1,0,Minor,War,1
11345-2016,11345,2016,1,11345-1,0,Minor,War,0
11345-2017,11345,2017,1,11345-1,0,Minor,War,0
11345-2018,11345,2018,1,11345-1,0,Minor,War,0
11346-2011,11346,2011,1,11346-1,1,War,War,0
11346-2013,11346,2013,2,11346-2,0,Minor,War,0
11346-2014,11346,2014,2,11346-2,0,Minor,War,0
11346-2015,11346,2015,2,11346-2,1,Minor,War,0
11346-2017,11346,2017,3,11346-3,1,Minor,War,0
11347-2009,11347,2009,1,11347-1,1,Minor,Minor,0
11347-2012,11347,2012,2,11347-2,0,Minor,Minor,0
11347-2013,11347,2013,2,11347-2,0,Minor,War,1
11347-2014,11347,2014,2,11347-2,0,Minor,War,1
11347-2015,11347,2015,2,11347-2,0,Minor,War,1
11347-2016,11347,2016,2,11347-2,0,Minor,War,1
11347-2017,11347,2017,2,11347-2,0,Minor,War,1
11347-2018,11347,2018,2,11347-2,0,Minor,War,1
11348-2012,11348,2012,1,11348-1,1,Minor,Minor,
11349-2008,11349,2008,1,11349-1,1,Minor,Minor,0
11350-2005,11350,2005,1,11350-1,0,Minor,Minor,0
11350-2006,11350,2006,1,11350-1,1,Minor,Minor,0
11447-1991,11447,1991,1,11447-1,1,Minor,Minor,0
11475-1991,11475,1991,1,11475-1,1,Minor,Minor,0
11475-1995,11475,1995,2,11475-2,1,Minor,Minor,0
11475-2000,11475,2000,3,11475-3,0,Minor,Minor,0
11475-2001,11475,2001,3,11475-3,1,Minor,Minor,0
11475-2005,11475,2005,4,11475-4,0,Minor,Minor,0
11475-2006,11475,2006,4,11475-4,0,Minor,Minor,0
11475-2007,11475,2007,4,11475-4,1,Minor,Minor,0
11487-2013,11487,2013,1,11487-1,1,Minor,Minor,0
11884-1947,11884,1947,1,11884-1,0,War,War,0
11884-1948,11884,1948,1,11884-1,1,War,War,0
13042-2012,13042,2012,1,13042-1,0,Minor,Minor,0
13042-2013,13042,2013,1,13042-1,1,Minor,Minor,0
13042-2015,13042,2015,2,13042-2,1,Minor,Minor,0
13219-2014,13219,2014,1,13219-1,1,Minor,Minor,0
13246-2014,13246,2014,1,13246-1,1,War,War,1
13247-2014,13247,2014,1,13247-1,1,Minor,Minor,1
13639-2015,13639,2015,1,13639-1,0,Minor,Minor,1
13639-2016,13639,2016,1,13639-1,0,Minor,Minor,1
13639-2017,13639,2017,1,13639-1,0,Minor,Minor,1
13639-2018,13639,2018,1,13639-1,0,Minor,Minor,1
13306-2014,13306,2014,1,13306-1,0,War,War,1
13306-2015,13306,2015,1,13306-1,0,War,War,1
13306-2016,13306,2016,1,13306-1,0,Minor,War,1
13306-2017,13306,2017,1,13306-1,0,Minor,War,1
13306-2018,13306,2018,1,13306-1,0,Minor,War,1
13588-2015,13588,2015,1,13588-1,0,Minor,Minor,0
13588-2016,13588,2016,1,13588-1,0,Minor,Minor,0
13588-2017,13588,2017,1,13588-1,0,Minor,Minor,0
13588-2018,13588,2018,1,13588-1,0,Minor,Minor,0
13604-2013,13604,2013,1,13604-1,0,Minor,Minor,0
13604-2014,13604,2014,1,13604-1,0,War,War,0
13604-2015,13604,2015,1,13604-1,0,War,War,1
13604-2016,13604,2016,1,13604-1,0,War,War,1
13604-2017,13604,2017,1,13604-1,0,War,War,1
13604-2018,13604,2018,1,13604-1,0,War,War,1
13611-2015,13611,2015,1,13611-1,1,Minor,Minor,0
13637-2015,13637,2015,1,13637-1,0,Minor,Minor,1
13637-2016,13637,2016,1,13637-1,0,War,War,1
13637-2017,13637,2017,1,13637-1,0,War,War,1
13637-2018,13637,2018,1,13637-1,0,War,War,1
13638-2015,13638,2015,1,13638-1,0,Minor,Minor,1
13638-2016,13638,2016,1,13638-1,1,Minor,Minor,0
13640-2015,13640,2015,1,13640-1,1,Minor,Minor,0
13640-2017,13640,2017,2,13640-2,0,Minor,Minor,0
13640-2018,13640,2018,2,13640-2,0,Minor,Minor,0
13641-2015,13641,2015,1,13641-1,0,War,War,1
13641-2016,13641,2016,1,13641-1,0,War,War,1
13641-2017,13641,2017,1,13641-1,0,Minor,War,1
13641-2018,13641,2018,1,13641-1,0,Minor,War,1
13645-2015,13645,2015,1,13645-1,1,Minor,Minor,0
13646-2015,13646,2015,1,13646-1,0,Minor,Minor,0
13646-2016,13646,2016,1,13646-1,0,Minor,Minor,0
13646-2017,13646,2017,1,13646-1,0,Minor,Minor,0
13646-2018,13646,2018,1,13646-1,0,Minor,Minor,0
13648-2015,13648,2015,1,13648-1,0,Minor,Minor,0
13648-2016,13648,2016,1,13648-1,0,Minor,War,0
13648-2017,13648,2017,1,13648-1,0,Minor,War,0
13648-2018,13648,2018,1,13648-1,0,Minor,War,0
13653-2015,13653,2015,1,13653-1,0,Minor,Minor,0
13653-2016,13653,2016,1,13653-1,0,Minor,Minor,0
13653-2017,13653,2017,1,13653-1,0,Minor,Minor,0
13653-2018,13653,2018,1,13653-1,0,Minor,Minor,0
13674-2016,13674,2016,1,13674-1,0,Minor,Minor,0
13674-2017,13674,2017,1,13674-1,1,Minor,Minor,0
13675-2014,13675,2014,1,13675-1,0,Minor,Minor,0
13675-2015,13675,2015,1,13675-1,1,Minor,Minor,0
13675-2017,13675,2017,2,13675-2,1,Minor,Minor,0
13692-2001,13692,2001,1,13692-1,1,War,War,
13694-2015,13694,2015,1,13694-1,0,Minor,Minor,0
13694-2016,13694,2016,1,13694-1,0,War,War,1
13694-2017,13694,2017,1,13694-1,0,Minor,War,1
13694-2018,13694,2018,1,13694-1,0,Minor,War,1
13721-2015,13721,2015,1,13721-1,1,Minor,Minor,0
13809-2016,13809,2016,1,13809-1,1,Minor,Minor,0
13809-2018,13809,2018,2,13809-2,0,Minor,Minor,0
13886-2016,13886,2016,1,13886-1,1,Minor,Minor,0
13902-2015,13902,2015,1,13902-1,0,Minor,Minor,0
13902-2016,13902,2016,1,13902-1,0,War,War,0
13902-2017,13902,2017,1,13902-1,1,Minor,War,0
13936-2016,13936,2016,1,13936-1,0,Minor,Minor,0
13936-2017,13936,2017,1,13936-1,0,Minor,Minor,0
13936-2018,13936,2018,1,13936-1,0,Minor,Minor,0
14074-2018,14074,2018,1,14074-1,0,Minor,Minor,0
14129-2017,14129,2017,1,14129-1,0,Minor,Minor,0
14129-2018,14129,2018,1,14129-1,0,Minor,Minor,0
14268-2017,14268,2017,1,14268-1,1,Minor,Minor,0
14275-2016,14275,2016,1,14275-1,0,Minor,Minor,0
14275-2017,14275,2017,1,14275-1,0,War,War,0
14275-2018,14275,2018,1,14275-1,0,Minor,War,0
14333-2016,14333,2016,1,14333-1,1,Minor,Minor,0
14113-2017,14113,2017,1,14113-1,0,Minor,Minor,1
14113-2018,14113,2018,1,14113-1,0,Minor,Minor,1
14609-2018,14609,2018,1,14609-1,0,Minor,Minor,
