cow_id,year,war_count,IsInitiator,avg_deaths,type_extrastate,type_interstate,type_intrastate,type_nonstate,outcome_cont-conflict,outcome_lose,outcome_ongoing2008,outcome_stalemate,outcome_tied,outcome_war-transitioned,outcome_win
2,1950,1,0,13622,0,1,0,0,0,0,0,1,0,0,0
2,1951,1,0,13622,0,1,0,0,0,0,0,1,0,0,0
2,1952,1,0,13622,0,1,0,0,0,0,0,1,0,0,0
2,1953,1,0,13622,0,1,0,0,0,0,0,1,0,0,0
2,1958,1,0,1,0,0,1,0,0,0,0,0,0,0,1
2,1961,1,0,101,0,0,1,0,0,0,0,0,0,1,0
2,1962,1,0,101,0,0,1,0,0,0,0,0,0,1,0
2,1963,1,0,101,0,0,1,0,0,0,0,0,0,1,0
2,1964,2,0,141,0,0,2,0,0,0,0,0,0,2,0
2,1965,4,1,6629,0,1,3,0,1,1,0,0,0,2,0
2,1966,3,1,6510,0,1,2,0,0,1,0,0,0,1,1
2,1967,3,1,6510,0,1,2,0,0,1,0,0,0,1,1
2,1968,4,1,6572,0,2,2,0,0,2,0,0,0,1,1
2,1969,2,1,6523,0,2,0,0,0,2,0,0,0,0,0
2,1970,3,1,6585,0,3,0,0,0,2,0,0,0,1,0
2,1971,4,1,6710,0,3,1,0,0,3,0,0,0,1,0
2,1972,3,1,6648,0,2,1,0,0,3,0,0,0,0,0
2,1973,3,1,6648,0,2,1,0,0,3,0,0,0,0,0
2,1983,1,0,136,0,0,1,0,0,1,0,0,0,0,0
2,1984,1,0,136,0,0,1,0,0,1,0,0,0,0,0
2,1991,1,0,376,0,1,0,0,0,0,0,0,0,0,1
2,1992,1,0,15,0,0,1,0,0,0,0,0,1,0,0
2,1993,1,0,15,0,0,1,0,0,0,0,0,1,0,0
2,1994,1,0,15,0,0,1,0,0,0,0,0,1,0,0
2,1995,1,0,0,0,0,1,0,0,0,0,0,0,0,1
2,1999,1,1,2,0,1,0,0,0,0,0,0,0,0,1
2,2001,2,2,71,1,1,0,0,0,0,1,0,0,1,0
2,2002,1,1,69,1,0,0,0,0,0,1,0,0,0,0
2,2003,3,3,873,2,1,0,0,0,0,2,0,0,1,0
2,2004,3,3,733,2,0,1,0,0,1,2,0,0,0,0
2,2005,3,3,733,2,0,1,0,0,1,2,0,0,0,0
2,2006,3,3,733,2,0,1,0,0,1,2,0,0,0,0
2,2007,3,2,733,2,0,1,0,0,0,2,0,0,0,1
2,2008,2,2,733,2,0,0,0,0,0,2,0,0,0,0
20,1950,1,0,77,0,1,0,0,0,0,0,1,0,0,0
20,1951,1,0,77,0,1,0,0,0,0,0,1,0,0,0
20,1952,1,0,77,0,1,0,0,0,0,0,1,0,0,0
20,1953,1,0,77,0,1,0,0,0,0,0,1,0,0,0
20,1991,1,0,0,0,1,0,0,0,0,0,0,0,0,1
20,2001,2,1,11,1,1,0,0,0,0,1,0,0,1,0
20,2002,1,1,11,1,0,0,0,0,0,1,0,0,0,0
20,2003,1,1,11,1,0,0,0,0,0,1,0,0,0,0
20,2004,1,1,11,1,0,0,0,0,0,1,0,0,0,0
20,2005,1,1,11,1,0,0,0,0,0,1,0,0,0,0
20,2006,1,1,11,1,0,0,0,0,0,1,0,0,0,0
20,2007,1,1,11,1,0,0,0,0,0,1,0,0,0,0
20,2008,1,1,11,1,0,0,0,0,0,1,0,0,0,0
40,1958,1,0,1000,0,0,1,0,0,1,0,0,0,0,0
40,1959,1,0,1000,0,0,1,0,0,1,0,0,0,0,0
40,1975,1,0,750,0,1,0,0,0,0,0,0,0,1,0
40,1976,4,0,1844,0,1,3,0,0,0,0,0,1,2,1
40,1977,4,0,1444,0,1,3,0,0,0,0,0,1,2,1
40,1978,4,0,694,0,1,3,0,0,0,0,0,1,1,2
40,1979,2,0,344,0,0,2,0,0,0,0,0,1,0,1
40,1980,2,0,344,0,0,2,0,0,0,0,0,1,0,1
40,1981,1,0,344,0,0,1,0,0,0,0,0,1,0,0
40,1982,1,0,344,0,0,1,0,0,0,0,0,1,0,0
40,1983,1,0,344,0,0,1,0,0,0,0,0,1,0,0
40,1984,1,0,344,0,0,1,0,0,0,0,0,1,0,0
40,1985,1,0,344,0,0,1,0,0,0,0,0,1,0,0
40,1986,1,0,344,0,0,1,0,0,0,0,0,1,0,0
40,1987,1,0,344,0,0,1,0,0,0,0,0,1,0,0
40,1988,1,0,344,0,0,1,0,0,0,0,0,1,0,0
40,1989,1,0,344,0,0,1,0,0,0,0,0,1,0,0
40,1990,1,0,344,0,0,1,0,0,0,0,0,1,0,0
40,1991,1,0,344,0,0,1,0,0,0,0,0,1,0,0
42,1965,1,0,2500,0,0,1,0,1,0,0,0,0,0,0
90,1966,1,0,67,0,0,1,0,0,0,0,0,0,0,1
90,1967,1,0,67,0,0,1,0,0,0,0,0,0,0,1
90,1968,1,0,67,0,0,1,0,0,0,0,0,0,0,1
90,1970,1,1,25,0,0,1,0,0,0,0,0,0,0,1
90,1971,1,1,25,0,0,1,0,0,0,0,0,0,0,1
90,1978,1,1,179,0,0,1,0,0,0,0,0,0,0,1
90,1979,1,1,179,0,0,1,0,0,0,0,0,0,0,1
90,1980,1,1,179,0,0,1,0,0,0,0,0,0,0,1
90,1981,1,1,179,0,0,1,0,0,0,0,0,0,0,1
90,1982,1,1,179,0,0,1,0,0,0,0,0,0,0,1
90,1983,1,1,179,0,0,1,0,0,0,0,0,0,0,1
90,1984,1,1,179,0,0,1,0,0,0,0,0,0,0,1
91,1969,1,0,1200,0,1,0,0,0,1,0,0,0,0,0
92,1969,1,1,700,0,1,0,0,0,0,0,0,0,0,1
92,1979,1,0,0,0,0,1,0,0,0,0,0,1,0,0
92,1980,1,0,0,0,0,1,0,0,0,0,0,1,0,0
92,1981,1,0,0,0,0,1,0,0,0,0,0,1,0,0
92,1982,1,0,0,0,0,1,0,0,0,0,0,1,0,0
92,1983,1,0,0,0,0,1,0,0,0,0,0,1,0,0
92,1984,1,0,0,0,0,1,0,0,0,0,0,1,0,0
92,1985,1,0,0,0,0,1,0,0,0,0,0,1,0,0
92,1986,1,0,0,0,0,1,0,0,0,0,0,1,0,0
92,1987,1,0,0,0,0,1,0,0,0,0,0,1,0,0
92,1988,1,0,0,0,0,1,0,0,0,0,0,1,0,0
92,1989,1,0,0,0,0,1,0,0,0,0,0,1,0,0
92,1990,1,0,0,0,0,1,0,0,0,0,0,1,0,0
92,1991,1,0,0,0,0,1,0,0,0,0,0,1,0,0
92,1992,1,0,0,0,0,1,0,0,0,0,0,1,0,0
93,1978,1,0,500,0,0,1,0,0,1,0,0,0,0,0
93,1979,1,0,500,0,0,1,0,0,1,0,0,0,0,0
93,1982,1,0,778,0,0,1,0,0,0,0,1,0,0,0
93,1983,1,0,778,0,0,1,0,0,0,0,1,0,0,0
93,1984,1,0,778,0,0,1,0,0,0,0,1,0,0,0
93,1985,1,0,778,0,0,1,0,0,0,0,1,0,0,0
93,1986,1,0,778,0,0,1,0,0,0,0,1,0,0,0
93,1987,1,0,778,0,0,1,0,0,0,0,1,0,0,0
93,1988,1,0,778,0,0,1,0,0,0,0,1,0,0,0
93,1989,1,0,778,0,0,1,0,0,0,0,1,0,0,0
93,1990,1,0,778,0,0,1,0,0,0,0,1,0,0,0
94,1948,1,0,1500,0,0,1,0,0,1,0,0,0,0,0
100,1948,1,0,891,0,0,1,0,0,0,0,0,0,0,1
100,1949,1,0,891,0,0,1,0,0,0,0,0,0,0,1
100,1950,1,0,891,0,0,1,0,0,0,0,0,0,0,1
100,1951,2,0,938,0,1,1,0,0,0,0,1,0,0,1
100,1952,2,0,938,0,1,1,0,0,0,0,1,0,0,1
100,1953,2,0,938,0,1,1,0,0,0,0,1,0,0,1
100,1954,1,0,891,0,0,1,0,0,0,0,0,0,0,1
100,1955,1,0,891,0,0,1,0,0,0,0,0,0,0,1
100,1956,1,0,891,0,0,1,0,0,0,0,0,0,0,1
100,1957,1,0,891,0,0,1,0,0,0,0,0,0,0,1
100,1958,1,0,891,0,0,1,0,0,0,0,0,0,0,1
100,1989,1,0,524,0,0,1,0,0,0,1,0,0,0,0
100,1990,1,0,524,0,0,1,0,0,0,1,0,0,0,0
100,1991,1,0,524,0,0,1,0,0,0,1,0,0,0,0
100,1992,1,0,524,0,0,1,0,0,0,1,0,0,0,0
100,1993,1,0,524,0,0,1,0,0,0,1,0,0,0,0
100,1994,1,0,524,0,0,1,0,0,0,1,0,0,0,0
100,1995,1,0,524,0,0,1,0,0,0,1,0,0,0,0
100,1996,1,0,524,0,0,1,0,0,0,1,0,0,0,0
100,1997,1,0,524,0,0,1,0,0,0,1,0,0,0,0
100,1998,1,0,524,0,0,1,0,0,0,1,0,0,0,0
100,1999,1,0,524,0,0,1,0,0,0,1,0,0,0,0
100,2000,1,0,524,0,0,1,0,0,0,1,0,0,0,0
100,2001,1,0,524,0,0,1,0,0,0,1,0,0,0,0
100,2002,1,0,524,0,0,1,0,0,0,1,0,0,0,0
100,2003,1,0,524,0,0,1,0,0,0,1,0,0,0,0
100,2004,1,0,524,0,0,1,0,0,0,1,0,0,0,0
100,2005,1,0,524,0,0,1,0,0,0,1,0,0,0,0
100,2006,1,0,524,0,0,1,0,0,0,1,0,0,0,0
100,2007,1,0,524,0,0,1,0,0,0,1,0,0,0,0
100,2008,1,0,524,0,0,1,0,0,0,1,0,0,0,0
130,1995,1,1,550,0,1,0,0,0,0,0,0,1,0,0
135,1982,1,0,364,0,0,1,0,0,0,0,0,0,0,1
135,1983,1,0,364,0,0,1,0,0,0,0,0,0,0,1
135,1984,1,0,364,0,0,1,0,0,0,0,0,0,0,1
135,1985,1,0,364,0,0,1,0,0,0,0,0,0,0,1
135,1986,1,0,364,0,0,1,0,0,0,0,0,0,0,1
135,1987,1,0,364,0,0,1,0,0,0,0,0,0,0,1
135,1988,1,0,364,0,0,1,0,0,0,0,0,0,0,1
135,1989,1,0,364,0,0,1,0,0,0,0,0,0,0,1
135,1990,1,0,364,0,0,1,0,0,0,0,0,0,0,1
135,1991,1,0,364,0,0,1,0,0,0,0,0,0,0,1
135,1992,1,0,364,0,0,1,0,0,0,0,0,0,0,1
135,1995,1,0,950,0,1,0,0,0,0,0,0,1,0,0
145,1952,1,0,0,0,0,1,0,0,1,0,0,0,0,0
150,1947,1,0,0,0,0,1,0,0,0,0,0,0,0,1
155,1973,1,0,400,0,0,1,0,0,1,0,0,0,0,0
160,1955,1,0,0,0,0,1,0,0,1,0,0,0,0,0
160,1975,1,0,83,0,0,1,0,0,0,0,0,0,0,1
160,1976,1,0,83,0,0,1,0,0,0,0,0,0,0,1
160,1977,1,0,83,0,0,1,0,0,0,0,0,0,0,1
160,1982,1,1,746,0,1,0,0,0,1,0,0,0,0,0
200,1946,1,0,1000,1,0,0,0,0,0,0,0,1,0,0
200,1948,1,0,240,1,0,0,0,0,0,0,0,0,0,1
200,1949,1,0,240,1,0,0,0,0,0,0,0,0,0,1
200,1950,2,0,418,1,1,0,0,0,0,0,1,0,0,1
200,1951,2,0,418,1,1,0,0,0,0,0,1,0,0,1
200,1952,3,0,538,2,1,0,0,0,0,0,1,0,0,2
200,1953,3,0,538,2,1,0,0,0,0,0,1,0,0,2
200,1954,2,0,360,2,0,0,0,0,0,0,0,0,0,2
200,1955,2,0,360,2,0,0,0,0,0,0,0,0,0,2
200,1956,3,0,382,2,1,0,0,0,0,0,0,0,0,3
200,1957,1,0,240,1,0,0,0,0,0,0,0,0,0,1
200,1973,1,0,12,0,0,1,0,0,0,0,0,0,0,1
200,1974,1,0,12,0,0,1,0,0,0,0,0,0,0,1
200,1975,1,0,12,0,0,1,0,0,0,0,0,0,0,1
200,1982,1,0,255,0,1,0,0,0,0,0,0,0,0,1
200,1991,1,0,24,0,1,0,0,0,0,0,0,0,0,1
200,1999,1,1,0,0,1,0,0,0,0,0,0,0,0,1
200,2000,1,0,0,0,0,1,0,0,0,0,0,0,0,1
200,2001,2,2,14,1,1,0,0,0,0,1,0,0,1,0
200,2002,1,1,14,1,0,0,0,0,0,1,0,0,0,0
200,2003,3,3,71,2,1,0,0,0,0,2,0,0,1,0
200,2004,2,2,38,2,0,0,0,0,0,2,0,0,0,0
200,2005,2,2,38,2,0,0,0,0,0,2,0,0,0,0
200,2006,2,2,38,2,0,0,0,0,0,2,0,0,0,0
200,2007,2,2,38,2,0,0,0,0,0,2,0,0,0,0
200,2008,2,2,38,2,0,0,0,0,0,2,0,0,0,0
210,1946,1,0,800,1,0,0,0,0,0,0,0,1,0,0
210,1951,1,0,37,0,1,0,0,0,0,0,1,0,0,0
210,1952,1,0,37,0,1,0,0,0,0,0,1,0,0,0
210,1953,1,0,37,0,1,0,0,0,0,0,1,0,0,0
210,1999,1,1,0,0,1,0,0,0,0,0,0,0,0,1
210,2004,1,0,1,1,0,0,0,0,0,1,0,0,0,0
210,2005,1,0,1,1,0,0,0,0,0,1,0,0,0,0
211,1951,1,0,32,0,1,0,0,0,0,0,1,0,0,0
211,1952,1,0,32,0,1,0,0,0,0,0,1,0,0,0
211,1953,1,0,32,0,1,0,0,0,0,0,1,0,0,0
211,1960,1,0,50,0,0,1,0,0,1,0,0,0,0,0
211,1964,1,0,2,0,0,1,0,0,0,0,0,0,0,1
211,1965,1,0,2,0,0,1,0,0,0,0,0,0,0,1
211,1978,1,0,0,0,0,1,0,0,0,0,0,0,0,1
220,1946,1,0,10500,1,0,0,0,0,1,0,0,0,0,0
220,1947,2,0,11000,2,0,0,0,0,1,0,0,0,0,1
220,1948,2,0,11000,2,0,0,0,0,1,0,0,0,0,1
220,1949,1,0,10500,1,0,0,0,0,1,0,0,0,0,0
220,1950,1,0,10500,1,0,0,0,0,1,0,0,0,0,0
220,1951,2,0,10596,1,1,0,0,0,1,0,1,0,0,0
220,1952,3,0,11263,2,1,0,0,0,2,0,1,0,0,0
220,1953,4,0,11763,3,1,0,0,0,3,0,1,0,0,0
220,1954,4,0,13667,4,0,0,0,0,4,0,0,0,0,0
220,1955,2,0,2500,2,0,0,0,0,2,0,0,0,0,0
220,1956,3,0,2510,2,1,0,0,0,2,0,0,0,0,1
220,1957,2,0,2500,2,0,0,0,0,1,0,0,0,0,1
220,1958,3,0,2500,2,1,0,0,0,1,0,0,0,0,2
220,1959,1,0,2000,1,0,0,0,0,1,0,0,0,0,0
220,1960,1,0,2000,1,0,0,0,0,1,0,0,0,0,0
220,1961,1,0,2000,1,0,0,0,0,1,0,0,0,0,0
220,1962,1,0,2000,1,0,0,0,0,1,0,0,0,0,0
220,1968,1,0,12,0,0,1,0,0,0,0,0,0,0,1
220,1969,1,0,12,0,0,1,0,0,0,0,0,0,0,1
220,1970,1,0,12,0,0,1,0,0,0,0,0,0,0,1
220,1971,1,0,12,0,0,1,0,0,0,0,0,0,0,1
220,1978,1,0,5,0,0,1,0,0,0,0,0,0,0,1
220,1983,2,0,148,0,0,2,0,0,1,0,0,0,0,1
220,1984,2,0,148,0,0,2,0,0,1,0,0,0,0,1
220,1991,1,0,2,0,1,0,0,0,0,0,0,0,0,1
220,1992,1,0,0,0,0,1,0,0,0,0,0,1,0,0
220,1993,1,0,0,0,0,1,0,0,0,0,0,1,0,0
220,1994,1,0,0,0,0,1,0,0,0,0,0,1,0,0
220,1995,1,0,0,0,0,1,0,0,0,0,0,1,0,0
220,1999,1,1,0,0,1,0,0,0,0,0,0,0,0,1
220,2001,2,1,2,1,1,0,0,0,0,1,0,0,1,0
220,2002,2,1,5,1,0,1,0,0,1,1,0,0,0,0
220,2003,2,1,5,1,0,1,0,0,1,1,0,0,0,0
220,2004,2,1,5,1,0,1,0,0,1,1,0,0,0,0
220,2005,1,1,2,1,0,0,0,0,0,1,0,0,0,0
220,2006,1,1,2,1,0,0,0,0,0,1,0,0,0,0
220,2007,1,1,2,1,0,0,0,0,0,1,0,0,0,0
220,2008,1,1,2,1,0,0,0,0,0,1,0,0,0,0
230,1957,1,0,61,0,1,0,0,0,0,0,0,0,0,1
230,1958,1,0,61,0,1,0,0,0,0,0,0,0,0,1
230,2004,1,0,11,1,0,0,0,0,0,1,0,0,0,0
235,1961,1,0,286,1,0,0,0,0,0,0,0,0,1,0
235,1962,1,0,286,1,0,0,0,0,0,0,0,0,1,0
235,1963,1,0,286,1,0,0,0,0,0,0,0,0,1,0
235,1964,2,0,578,2,0,0,0,0,1,0,0,0,1,0
235,1965,2,0,578,2,0,0,0,0,1,0,0,0,1,0
235,1966,2,0,578,2,0,0,0,0,1,0,0,0,1,0
235,1967,2,0,578,2,0,0,0,0,1,0,0,0,1,0
235,1968,2,0,578,2,0,0,0,0,1,0,0,0,1,0
235,1969,2,0,578,2,0,0,0,0,1,0,0,0,1,0
235,1970,2,0,578,2,0,0,0,0,1,0,0,0,1,0
235,1971,2,0,578,2,0,0,0,0,1,0,0,0,1,0
235,1972,2,0,578,2,0,0,0,0,1,0,0,0,1,0
235,1973,2,0,578,2,0,0,0,0,1,0,0,0,1,0
235,1974,2,0,578,2,0,0,0,0,1,0,0,0,1,0
235,1975,1,0,292,1,0,0,0,0,1,0,0,0,0,0
255,1999,1,1,0,0,1,0,0,0,0,0,0,0,0,1
255,2001,1,1,3,1,0,0,0,0,0,1,0,0,0,0
255,2002,1,1,3,1,0,0,0,0,0,1,0,0,0,0
255,2003,1,1,3,1,0,0,0,0,0,1,0,0,0,0
255,2004,1,1,3,1,0,0,0,0,0,1,0,0,0,0
255,2005,1,1,3,1,0,0,0,0,0,1,0,0,0,0
255,2006,1,1,3,1,0,0,0,0,0,1,0,0,0,0
255,2007,1,1,3,1,0,0,0,0,0,1,0,0,0,0
255,2008,1,1,3,1,0,0,0,0,0,1,0,0,0,0
290,1946,1,0,5500,0,0,1,0,0,0,0,0,0,0,1
290,1947,1,0,5500,0,0,1,0,0,0,0,0,0,0,1
290,2004,1,0,8,1,0,0,0,0,0,1,0,0,0,0
290,2005,1,0,8,1,0,0,0,0,0,1,0,0,0,0
290,2006,1,0,8,1,0,0,0,0,0,1,0,0,0,0
310,1956,1,0,926,0,1,0,0,0,1,0,0,0,0,0
325,1991,1,0,0,0,1,0,0,0,0,0,0,0,0,1
325,1992,1,0,0,0,0,1,0,0,0,0,0,1,0,0
325,1993,1,0,0,0,0,1,0,0,0,0,0,1,0,0
325,1994,1,0,0,0,0,1,0,0,0,0,0,1,0,0
325,1995,1,0,0,0,0,1,0,0,0,0,0,1,0,0
325,1999,1,1,0,0,1,0,0,0,0,0,0,0,0,1
325,2004,1,0,7,1,0,0,0,0,0,1,0,0,0,0
325,2005,1,0,7,1,0,0,0,0,0,1,0,0,0,0
325,2006,1,0,7,1,0,0,0,0,0,1,0,0,0,0
325,2007,1,0,7,1,0,0,0,0,0,1,0,0,0,0
325,2008,1,0,7,1,0,0,0,0,0,1,0,0,0,0
344,1991,1,0,0,0,0,1,0,0,0,0,0,0,0,1
344,1992,3,0,500,0,1,2,0,0,0,0,0,0,1,2
344,1993,1,0,0,0,0,1,0,0,0,0,0,0,0,1
344,1994,1,0,37,0,0,2,0,0,1,0,0,0,0,1
344,1995,2,0,37,0,0,2,0,0,1,0,0,0,0,1
345,1991,1,1,0,0,0,1,0,0,1,0,0,0,0,0
345,1992,2,2,1890,0,1,1,0,0,1,0,0,0,1,0
345,1998,1,1,200,0,0,1,0,0,0,0,0,0,1,0
345,1999,2,1,5200,0,1,1,0,0,1,0,0,0,1,0
346,1992,2,0,9725,0,1,1,0,0,0,0,0,0,1,1
346,1993,1,0,6875,0,0,1,0,0,0,0,0,0,0,1
346,1994,1,0,6875,0,0,1,0,0,0,0,0,0,0,1
346,1995,1,0,6875,0,0,1,0,0,0,0,0,0,0,1
350,1946,1,0,4492,0,0,1,0,0,0,0,0,0,0,1
350,1947,1,0,4492,0,0,1,0,0,0,0,0,0,0,1
350,1948,1,0,4492,0,0,1,0,0,0,0,0,0,0,1
350,1949,1,0,4492,0,0,1,0,0,0,0,0,0,0,1
350,1951,1,0,56,0,1,0,0,0,0,0,1,0,0,0
350,1952,1,0,56,0,1,0,0,0,0,0,1,0,0,0
350,1953,1,0,56,0,1,0,0,0,0,0,1,0,0,0
352,1974,1,0,500,0,2,0,0,0,2,0,0,0,0,0
359,1991,1,0,0,0,0,1,0,0,0,0,0,1,0,0
359,1992,1,0,0,0,0,1,0,0,0,0,0,1,0,0
360,1989,1,0,300,0,0,1,0,0,1,0,0,0,0,0
365,1946,3,0,22450,0,0,3,0,0,0,0,0,0,0,3
365,1947,3,0,22450,0,0,3,0,0,0,0,0,0,0,3
365,1948,1,0,2450,0,0,1,0,0,0,0,0,0,0,1
365,1949,1,0,2450,0,0,1,0,0,0,0,0,0,0,1
365,1950,1,0,2450,0,0,1,0,0,0,0,0,0,0,1
365,1951,1,0,2450,0,0,1,0,0,0,0,0,0,0,1
365,1956,1,1,1500,0,1,0,0,0,0,0,0,0,0,1
365,1979,1,0,1000,0,0,1,0,0,0,0,0,0,1,0
365,1980,2,0,5000,1,0,1,0,0,0,0,0,0,2,0
365,1981,1,0,4000,1,0,0,0,0,0,0,0,0,1,0
365,1982,1,0,4000,1,0,0,0,0,0,0,0,0,1,0
365,1983,1,0,4000,1,0,0,0,0,0,0,0,0,1,0
365,1984,1,0,4000,1,0,0,0,0,0,0,0,0,1,0
365,1985,1,0,4000,1,0,0,0,0,0,0,0,0,1,0
365,1986,1,0,4000,1,0,0,0,0,0,0,0,0,1,0
365,1987,1,0,4000,1,0,0,0,0,0,0,0,0,1,0
365,1988,1,0,4000,1,0,0,0,0,0,0,0,0,1,0
365,1989,1,0,4000,1,0,0,0,0,0,0,0,0,1,0
365,1993,1,0,0,0,0,1,0,0,0,0,0,1,0,0
365,1994,2,0,1333,0,0,2,0,0,1,0,0,1,0,0
365,1995,2,0,1333,0,0,2,0,0,1,0,0,1,0,0
365,1996,2,0,1333,0,0,2,0,0,1,0,0,1,0,0
365,1997,1,0,0,0,0,1,0,0,0,0,0,1,0,0
365,1999,1,0,1000,0,0,1,0,0,0,0,0,0,0,1
365,2000,1,0,1000,0,0,1,0,0,0,0,0,0,0,1
365,2001,1,0,1000,0,0,1,0,0,0,0,0,0,0,1
365,2002,1,0,1000,0,0,1,0,0,0,0,0,0,0,1
365,2003,1,0,1000,0,0,1,0,0,0,0,0,0,0,1
369,2004,1,0,9,1,0,0,0,0,0,1,0,0,0,0
369,2005,1,0,9,1,0,0,0,0,0,1,0,0,0,0
371,1991,1,0,333,0,0,1,0,0,0,0,0,0,1,0
371,1992,1,0,333,0,0,1,0,0,0,0,0,0,1,0
371,1993,2,1,3083,0,1,1,0,0,0,0,0,0,1,1
371,1994,1,1,2750,0,1,0,0,0,0,0,0,0,0,1
372,1991,1,0,0,0,0,1,0,0,1,0,0,0,0,0
372,1992,1,0,0,0,0,1,0,0,1,0,0,0,0,0
372,1993,1,1,2500,0,0,1,0,0,1,0,0,0,0,0
372,1994,1,1,2500,0,0,1,0,0,1,0,0,0,0,0
373,1991,1,0,2333,0,0,1,0,0,0,0,0,0,1,0
373,1992,1,0,2333,0,0,1,0,0,0,0,0,0,1,0
373,1993,2,0,6583,0,1,1,0,0,1,0,0,0,1,0
373,1994,1,0,4250,0,1,0,0,0,1,0,0,0,0,0
404,1998,1,0,0,0,0,1,0,0,1,0,0,0,0,0
404,1999,1,0,0,0,0,1,0,0,1,0,0,0,0,0
433,1998,1,0,0,0,0,1,0,0,1,0,0,0,0,0
435,1975,1,0,400,1,0,0,0,1,0,0,0,0,0,0
435,1976,1,0,400,1,0,0,0,1,0,0,0,0,0,0
435,1977,1,0,400,1,0,0,0,1,0,0,0,0,0,0
435,1978,1,0,400,1,0,0,0,1,0,0,0,0,0,0
435,1979,1,0,400,1,0,0,0,1,0,0,0,0,0,0
437,2002,1,0,67,0,0,1,0,0,1,0,0,0,0,0
437,2003,1,0,67,0,0,1,0,0,1,0,0,0,0,0
437,2004,1,0,67,0,0,1,0,0,1,0,0,0,0,0
438,1998,2,0,0,0,0,2,0,0,1,0,0,0,0,1
438,1999,1,0,0,0,0,1,0,0,0,0,0,0,0,1
438,2000,2,0,0,0,0,2,0,0,0,0,1,0,0,1
438,2001,1,0,0,0,0,1,0,0,0,0,1,0,0,0
450,1989,1,0,0,0,0,1,0,1,0,0,0,0,0,0
450,1990,1,0,0,0,0,1,0,1,0,0,0,0,0,0
450,1992,1,0,0,0,0,1,0,0,0,0,0,1,0,0
450,1993,1,0,0,0,0,1,0,0,0,0,0,1,0,0
450,1994,1,0,0,0,0,1,0,0,0,0,0,1,0,0
450,1995,1,0,0,0,0,1,0,0,0,0,0,1,0,0
450,1996,1,0,0,0,0,1,0,0,0,0,0,1,0,0
450,2002,1,0,0,0,0,1,0,0,1,0,0,0,0,0
450,2003,1,0,0,0,0,1,0,0,1,0,0,0,0,0
451,1991,1,0,0,0,0,1,0,0,0,0,0,0,0,1
451,1992,1,0,0,0,0,1,0,0,0,0,0,0,0,1
451,1993,1,0,0,0,0,1,0,0,0,0,0,0,0,1
451,1994,1,0,0,0,0,1,0,0,0,0,0,0,0,1
451,1995,1,0,0,0,0,1,0,0,0,0,0,0,0,1
451,1996,1,0,0,0,0,1,0,0,0,0,0,0,0,1
451,1998,1,0,0,0,0,1,0,0,1,0,0,0,0,0
451,1999,1,0,0,0,0,1,0,0,1,0,0,0,0,0
451,2000,1,0,0,0,0,1,0,0,1,0,0,0,0,0
452,1998,1,0,0,0,0,1,0,0,0,0,0,0,0,1
452,1999,1,0,0,0,0,1,0,0,0,0,0,0,0,1
452,2000,1,0,0,0,0,1,0,0,0,0,0,0,0,1
475,1967,1,1,0,0,0,1,0,0,0,0,0,0,0,1
475,1968,1,1,0,0,0,1,0,0,0,0,0,0,0,1
475,1969,1,1,0,0,0,1,0,0,0,0,0,0,0,1
475,1970,1,1,0,0,0,1,0,0,0,0,0,0,0,1
475,1980,1,0,25,0,0,1,0,0,0,0,0,0,0,1
475,1981,1,0,25,0,0,1,0,0,0,0,0,0,0,1
475,1990,1,0,0,0,0,1,0,1,0,0,0,0,0,0
475,1992,2,0,0,0,0,2,0,0,0,0,0,2,0,0
475,1993,1,0,0,0,0,1,0,0,0,0,0,1,0,0
475,1994,1,0,0,0,0,1,0,0,0,0,0,1,0,0
475,1995,1,0,0,0,0,1,0,0,0,0,0,1,0,0
475,1998,1,0,0,0,0,1,0,0,0,0,0,0,0,1
475,1999,1,0,0,0,0,1,0,0,0,0,0,0,0,1
475,2000,1,0,0,0,0,1,0,0,0,0,0,0,0,1
483,1966,1,0,83,0,0,1,0,0,0,0,0,0,0,1
483,1967,1,0,83,0,0,1,0,0,0,0,0,0,0,1
483,1968,1,0,83,0,0,1,0,0,0,0,0,0,0,1
483,1969,1,0,83,0,0,1,0,0,0,0,0,0,0,1
483,1970,1,0,83,0,0,1,0,0,0,0,0,0,0,1
483,1971,1,0,83,0,0,1,0,0,0,0,0,0,0,1
483,1980,1,0,700,0,0,1,0,0,1,0,0,0,0,0
483,1981,1,0,700,0,0,1,0,0,1,0,0,0,0,0
483,1982,1,0,700,0,0,1,0,0,1,0,0,0,0,0
483,1983,1,0,700,0,0,1,0,0,1,0,0,0,0,0
483,1984,1,0,700,0,0,1,0,0,1,0,0,0,0,0
483,1986,1,1,500,0,1,0,0,0,0,0,0,0,0,1
483,1987,1,1,500,0,1,0,0,0,0,0,0,0,0,1
483,1989,1,0,1500,0,0,1,0,0,1,0,0,0,0,0
483,1990,1,0,1500,0,0,1,0,0,1,0,0,0,0,0
483,1998,2,0,0,0,0,2,0,1,0,0,0,1,0,0
483,1999,2,0,0,0,0,2,0,1,0,0,0,1,0,0
483,2000,1,0,0,0,0,1,0,1,0,0,0,0,0,0
483,2005,1,0,50,0,0,1,0,0,0,0,0,0,0,1
483,2006,1,0,50,0,0,1,0,0,0,0,0,0,0,1
484,1997,1,0,0,0,0,1,0,0,1,0,0,0,0,0
484,1998,1,0,0,0,0,1,0,0,0,0,0,0,0,1
484,1999,1,0,0,0,0,1,0,0,0,0,0,0,0,1
490,1960,1,0,0,0,0,1,0,0,0,0,0,0,0,1
490,1961,1,0,0,0,0,1,0,0,0,0,0,0,0,1
490,1962,1,0,0,0,0,1,0,0,0,0,0,0,0,1
490,1963,2,0,0,0,0,2,0,0,0,0,0,0,0,2
490,1964,2,0,125,0,0,2,0,0,0,0,0,0,0,2
490,1965,2,0,125,0,0,2,0,0,0,0,0,0,0,2
490,1975,1,0,50,0,1,0,0,0,0,0,0,0,1,0
490,1976,1,0,50,0,1,0,0,0,0,0,0,0,1,0
490,1978,1,0,100,0,0,1,0,0,0,0,0,0,0,1
490,1996,1,0,0,0,0,1,0,0,1,0,0,0,0,0
490,1997,1,0,0,0,0,1,0,0,1,0,0,0,0,0
490,1998,1,0,0,0,0,1,0,0,0,0,0,1,0,0
490,1999,1,0,0,0,0,1,0,0,0,0,0,1,0,0
490,2000,1,0,0,0,0,1,0,0,0,0,0,1,0,0
490,2001,1,0,0,0,0,1,0,0,0,0,0,1,0,0
490,2002,1,0,0,0,0,1,0,0,0,0,0,1,0,0
500,1966,1,0,0,0,0,1,0,0,0,0,0,0,0,1
500,1978,1,1,750,0,1,0,0,0,1,0,0,0,0,0
500,1979,1,1,750,0,1,0,0,0,1,0,0,0,0,0
500,1980,1,0,5714,0,0,1,0,0,1,0,0,0,0,0
500,1981,1,0,5714,0,0,1,0,0,1,0,0,0,0,0
500,1982,1,0,5714,0,0,1,0,0,1,0,0,0,0,0
500,1983,1,0,5714,0,0,1,0,0,1,0,0,0,0,0
500,1984,1,0,5714,0,0,1,0,0,1,0,0,0,0,0
500,1985,1,0,5714,0,0,1,0,0,1,0,0,0,0,0
500,1986,2,0,6714,0,0,2,0,0,1,0,0,0,0,1
500,1987,1,0,1000,0,0,1,0,0,0,0,0,0,0,1
500,1997,1,0,0,0,0,1,0,0,0,0,0,0,0,1
500,1998,1,0,0,0,0,1,0,0,0,0,0,1,0,0
500,1999,1,0,0,0,0,1,0,0,0,0,0,1,0,0
500,2000,1,0,0,0,0,1,0,0,0,0,0,1,0,0
500,2001,1,0,0,0,0,1,0,0,0,0,0,1,0,0
500,2002,1,0,0,0,0,1,0,0,0,0,0,1,0,0
510,1978,1,0,500,0,1,0,0,0,0,0,0,0,0,1
510,1979,1,0,500,0,1,0,0,0,0,0,0,0,0,1
510,1985,1,0,6,0,0,1,0,0,0,0,0,0,0,1
510,1986,1,0,6,0,0,1,0,0,0,0,0,0,0,1
510,1987,1,0,6,0,0,1,0,0,0,0,0,0,0,1
510,1988,1,0,6,0,0,1,0,0,0,0,0,0,0,1
510,1989,1,0,6,0,0,1,0,0,0,0,0,0,0,1
510,1990,1,0,6,0,0,1,0,0,0,0,0,0,0,1
510,1991,1,0,6,0,0,1,0,0,0,0,0,0,0,1
510,1992,1,0,6,0,0,1,0,0,0,0,0,0,0,1
511,1964,1,0,0,0,0,1,0,0,1,0,0,0,0,0
516,1972,1,0,500,0,0,1,0,0,0,0,0,0,0,1
516,1993,1,0,0,0,0,1,0,1,0,0,0,0,0,0
516,1994,1,0,0,0,0,1,0,1,0,0,0,0,0,0
516,1995,1,0,0,0,0,1,0,1,0,0,0,0,0,0
516,1996,1,0,0,0,0,1,0,1,0,0,0,0,0,0
516,1997,1,0,0,0,0,1,0,1,0,0,0,0,0,0
516,1998,2,0,0,0,0,2,0,1,0,0,0,1,0,0
516,1999,1,0,0,0,0,1,0,0,0,0,0,1,0,0
516,2000,1,0,0,0,0,1,0,0,0,0,0,1,0,0
516,2001,2,0,50,0,0,2,0,0,0,0,0,2,0,0
516,2002,2,0,50,0,0,2,0,0,0,0,0,2,0,0
516,2003,1,0,50,0,0,1,0,0,0,0,0,1,0,0
517,1963,1,0,50,0,0,1,0,0,0,0,0,0,0,1
517,1964,1,0,50,0,0,1,0,0,0,0,0,0,0,1
517,1994,1,0,0,0,0,1,0,0,1,0,0,0,0,0
517,1997,2,0,150,0,0,2,0,0,0,0,0,0,0,2
517,1998,2,0,150,0,0,2,0,0,0,0,0,1,0,1
517,1999,1,0,0,0,0,1,0,0,0,0,0,1,0,0
517,2000,1,0,0,0,0,1,0,0,0,0,0,1,0,0
517,2001,2,0,0,0,0,2,0,0,0,0,0,1,0,1
517,2002,1,0,0,0,0,1,0,0,0,0,0,1,0,0
520,1963,1,0,0,0,0,1,0,0,1,0,0,0,0,0
520,1964,1,0,0,0,0,1,0,0,1,0,0,0,0,0
520,1976,1,0,950,0,0,1,0,0,0,0,0,0,1,0
520,1977,2,1,4950,0,1,1,0,0,0,0,0,0,2,0
520,1978,1,1,4000,0,1,0,0,0,0,0,0,0,1,0
520,1980,1,0,2000,0,0,1,0,0,1,0,0,0,0,0
520,1988,1,0,0,0,0,1,0,0,1,0,0,0,0,0
520,1989,1,0,0,0,0,1,0,0,1,0,0,0,0,0
520,1990,1,0,0,0,0,1,0,0,1,0,0,0,0,0
520,1991,2,0,0,0,0,2,0,0,1,0,0,1,0,0
520,1992,1,0,0,0,0,1,0,0,0,0,0,1,0,0
520,1993,1,0,0,0,0,1,0,0,0,0,0,1,0,0
520,1994,1,0,0,0,0,1,0,0,0,0,0,1,0,0
520,1995,1,0,0,0,0,1,0,0,0,0,0,1,0,0
520,1996,1,0,0,0,0,1,0,0,0,0,0,1,0,0
520,1997,1,0,0,0,0,1,0,0,0,0,0,1,0,0
520,2006,1,0,0,0,0,1,0,0,0,0,0,0,0,1
520,2007,1,0,0,0,0,1,0,0,0,0,0,0,0,1
520,2008,1,0,0,0,0,1,0,0,0,0,0,0,0,1
530,1951,1,0,40,0,1,0,0,0,0,0,1,0,0,0
530,1952,1,0,40,0,1,0,0,0,0,0,1,0,0,0
530,1953,1,0,40,0,1,0,0,0,0,0,1,0,0,0
530,1963,1,0,0,0,0,1,0,0,0,0,0,0,0,1
530,1964,1,0,0,0,0,1,0,0,0,0,0,0,0,1
530,1975,1,0,1525,0,0,1,0,0,0,0,0,0,0,1
530,1976,2,0,6025,0,0,2,0,0,0,0,0,0,1,1
530,1977,3,0,6925,0,1,2,0,0,0,0,0,0,2,1
530,1978,3,0,3092,0,1,2,0,0,0,0,0,0,1,2
530,1979,1,0,667,0,0,1,0,0,0,0,0,0,0,1
530,1980,1,0,667,0,0,1,0,0,0,0,0,0,0,1
530,1982,1,0,1000,0,0,1,0,0,1,0,0,0,0,0
530,1983,1,0,1000,0,0,1,0,0,1,0,0,0,0,0
530,1984,1,0,1000,0,0,1,0,0,1,0,0,0,0,0
530,1985,1,0,1000,0,0,1,0,0,1,0,0,0,0,0
530,1986,1,0,1000,0,0,1,0,0,1,0,0,0,0,0
530,1987,1,0,1000,0,0,1,0,0,1,0,0,0,0,0
530,1988,1,0,1000,0,0,1,0,0,1,0,0,0,0,0
530,1989,1,0,1000,0,0,1,0,0,1,0,0,0,0,0
530,1990,1,0,1000,0,0,1,0,0,1,0,0,0,0,0
530,1991,1,0,1000,0,0,1,0,0,1,0,0,0,0,0
530,1998,1,0,23333,0,1,0,0,0,0,0,1,0,0,0
530,1999,2,0,23533,0,1,1,0,0,0,0,1,0,0,1
530,2000,1,0,23333,0,1,0,0,0,0,0,1,0,0,0
530,2006,1,0,0,0,0,1,0,0,0,0,0,0,0,1
530,2007,1,0,0,0,0,1,0,0,0,0,0,0,0,1
530,2008,1,0,0,0,0,1,0,0,0,0,0,0,0,1
531,1998,1,1,16667,0,1,0,0,0,0,0,1,0,0,0
531,1999,1,1,16667,0,1,0,0,0,0,0,1,0,0,0
531,2000,1,1,16667,0,1,0,0,0,0,0,1,0,0,0
531,2006,1,0,0,0,0,1,0,0,1,0,0,0,0,0
531,2007,1,0,0,0,0,1,0,0,1,0,0,0,0,0
531,2008,1,0,0,0,0,1,0,0,1,0,0,0,0,0
540,1961,1,1,1786,1,0,0,0,0,0,0,0,0,1,0
540,1962,1,1,1786,1,0,0,0,0,0,0,0,0,1,0
540,1963,1,1,1786,1,0,0,0,0,0,0,0,0,1,0
540,1964,1,1,1786,1,0,0,0,0,0,0,0,0,1,0
540,1965,1,1,1786,1,0,0,0,0,0,0,0,0,1,0
540,1966,1,1,1786,1,0,0,0,0,0,0,0,0,1,0
540,1967,1,1,1786,1,0,0,0,0,0,0,0,0,1,0
540,1968,1,1,1786,1,0,0,0,0,0,0,0,0,1,0
540,1969,1,1,1786,1,0,0,0,0,0,0,0,0,1,0
540,1970,1,1,1786,1,0,0,0,0,0,0,0,0,1,0
540,1971,1,1,1786,1,0,0,0,0,0,0,0,0,1,0
540,1972,1,1,1786,1,0,0,0,0,0,0,0,0,1,0
540,1973,1,1,1786,1,0,0,0,0,0,0,0,0,1,0
540,1974,1,1,1786,1,0,0,0,0,0,0,0,0,1,0
540,1975,1,0,500,0,1,0,0,0,0,0,0,0,1,0
540,1976,2,0,500,0,1,1,0,0,0,0,0,1,1,0
540,1977,1,0,0,0,0,1,0,0,0,0,0,1,0,0
540,1978,1,0,0,0,0,1,0,0,0,0,0,1,0,0
540,1979,1,0,0,0,0,1,0,0,0,0,0,1,0,0
540,1980,1,0,0,0,0,1,0,0,0,0,0,1,0,0
540,1981,1,0,0,0,0,1,0,0,0,0,0,1,0,0
540,1982,1,0,0,0,0,1,0,0,0,0,0,1,0,0
540,1983,1,0,0,0,0,1,0,0,0,0,0,1,0,0
540,1984,1,0,0,0,0,1,0,0,0,0,0,1,0,0
540,1985,1,0,0,0,0,1,0,0,0,0,0,1,0,0
540,1986,1,0,0,0,0,1,0,0,0,0,0,1,0,0
540,1987,1,0,0,0,0,1,0,0,0,0,0,1,0,0
540,1988,1,0,0,0,0,1,0,0,0,0,0,1,0,0
540,1989,1,0,0,0,0,1,0,0,0,0,0,1,0,0
540,1990,1,0,0,0,0,1,0,0,0,0,0,1,0,0
540,1991,1,0,0,0,0,1,0,0,0,0,0,1,0,0
540,1992,1,0,0,0,0,1,0,0,0,0,0,1,0,0
540,1993,1,0,0,0,0,1,0,0,0,0,0,1,0,0
540,1994,1,0,0,0,0,1,0,0,0,0,0,1,0,0
540,1997,2,0,0,0,0,2,0,0,0,0,0,0,0,2
540,1998,2,1,0,0,0,2,0,0,0,0,0,1,0,1
540,1999,2,1,0,0,0,2,0,0,0,0,0,1,0,1
540,2000,2,1,0,0,0,2,0,0,0,0,0,1,0,1
540,2001,2,1,0,0,0,2,0,0,0,0,0,1,0,1
540,2002,2,1,0,0,0,2,0,0,0,0,0,1,0,1
541,1964,1,1,833,1,0,0,0,0,0,0,0,0,0,1
541,1965,1,1,833,1,0,0,0,0,0,0,0,0,0,1
541,1966,1,1,833,1,0,0,0,0,0,0,0,0,0,1
541,1967,1,1,833,1,0,0,0,0,0,0,0,0,0,1
541,1968,1,1,833,1,0,0,0,0,0,0,0,0,0,1
541,1969,1,1,833,1,0,0,0,0,0,0,0,0,0,1
541,1970,1,1,833,1,0,0,0,0,0,0,0,0,0,1
541,1971,1,1,833,1,0,0,0,0,0,0,0,0,0,1
541,1972,1,1,833,1,0,0,0,0,0,0,0,0,0,1
541,1973,1,1,833,1,0,0,0,0,0,0,0,0,0,1
541,1974,1,1,833,1,0,0,0,0,0,0,0,0,0,1
541,1975,1,1,833,1,0,0,0,0,0,0,0,0,0,1
541,1979,1,0,0,0,0,1,0,0,0,0,0,0,0,1
541,1980,1,0,0,0,0,1,0,0,0,0,0,0,0,1
541,1981,1,0,0,0,0,1,0,0,0,0,0,0,0,1
541,1982,1,0,0,0,0,1,0,0,0,0,0,0,0,1
541,1983,1,0,0,0,0,1,0,0,0,0,0,0,0,1
541,1984,1,0,0,0,0,1,0,0,0,0,0,0,0,1
541,1985,1,0,0,0,0,1,0,0,0,0,0,0,0,1
541,1986,1,0,0,0,0,1,0,0,0,0,0,0,0,1
541,1987,1,0,0,0,0,1,0,0,0,0,0,0,0,1
541,1988,1,0,0,0,0,1,0,0,0,0,0,0,0,1
541,1989,1,0,0,0,0,1,0,0,0,0,0,0,0,1
541,1990,1,0,0,0,0,1,0,0,0,0,0,0,0,1
541,1991,1,0,0,0,0,1,0,0,0,0,0,0,0,1
541,1992,1,0,0,0,0,1,0,0,0,0,0,0,0,1
552,1972,1,0,125,0,0,1,0,0,1,0,0,0,0,0
552,1973,1,0,125,0,0,1,0,0,1,0,0,0,0,0
552,1974,1,0,125,0,0,1,0,0,1,0,0,0,0,0
552,1975,1,0,125,0,0,1,0,0,1,0,0,0,0,0
552,1976,1,0,125,0,0,1,0,0,1,0,0,0,0,0
552,1977,1,0,125,0,0,1,0,0,1,0,0,0,0,0
552,1978,1,0,125,0,0,1,0,0,1,0,0,0,0,0
552,1979,1,0,125,0,0,1,0,0,1,0,0,0,0,0
552,1982,1,0,45,0,0,1,0,0,0,0,0,0,0,1
552,1983,2,1,45,0,0,2,0,0,0,0,0,0,0,2
552,1984,2,1,45,0,0,2,0,0,0,0,0,0,0,2
552,1985,2,1,45,0,0,2,0,0,0,0,0,0,0,2
552,1986,2,1,45,0,0,2,0,0,0,0,0,0,0,2
552,1987,2,1,45,0,0,2,0,0,0,0,0,0,0,2
552,1988,1,0,45,0,0,1,0,0,0,0,0,0,0,1
552,1989,1,0,45,0,0,1,0,0,0,0,0,0,0,1
552,1990,1,0,45,0,0,1,0,0,0,0,0,0,0,1
552,1991,1,0,45,0,0,1,0,0,0,0,0,0,0,1
552,1992,1,0,45,0,0,1,0,0,0,0,0,0,0,1
552,1998,1,0,0,0,0,1,0,0,0,0,0,1,0,0
552,1999,1,0,0,0,0,1,0,0,0,0,0,1,0,0
552,2000,1,0,0,0,0,1,0,0,0,0,0,1,0,0
552,2001,1,0,0,0,0,1,0,0,0,0,0,1,0,0
552,2002,1,0,0,0,0,1,0,0,0,0,0,1,0,0
560,1975,2,2,129,1,1,0,0,0,1,0,0,0,1,0
560,1976,3,2,186,1,1,1,0,0,1,0,0,1,1,0
560,1977,2,1,136,1,0,1,0,0,1,0,0,1,0,0
560,1978,2,1,136,1,0,1,0,0,1,0,0,1,0,0
560,1979,2,1,136,1,0,1,0,0,1,0,0,1,0,0
560,1980,2,1,136,1,0,1,0,0,1,0,0,1,0,0
560,1981,2,1,136,1,0,1,0,0,1,0,0,1,0,0
560,1982,2,1,136,1,0,1,0,0,1,0,0,1,0,0
560,1983,2,1,136,1,0,1,0,0,1,0,0,1,0,0
560,1984,2,1,136,1,0,1,0,0,1,0,0,1,0,0
560,1985,2,1,136,1,0,1,0,0,1,0,0,1,0,0
560,1986,2,1,136,1,0,1,0,0,1,0,0,1,0,0
560,1987,2,1,136,1,0,1,0,0,1,0,0,1,0,0
560,1988,2,1,136,1,0,1,0,0,1,0,0,1,0,0
560,1989,1,0,57,0,0,1,0,0,0,0,0,1,0,0
565,1998,1,0,0,0,0,1,0,0,0,0,0,1,0,0
565,1999,1,0,0,0,0,1,0,0,0,0,0,1,0,0
565,2000,1,0,0,0,0,1,0,0,0,0,0,1,0,0
565,2001,1,0,0,0,0,1,0,0,0,0,0,1,0,0
580,1947,1,1,5600,1,0,0,0,0,1,0,0,0,0,0
580,1948,1,1,5600,1,0,0,0,0,1,0,0,0,0,0
600,1953,1,1,250,1,0,0,0,0,0,0,0,0,0,1
600,1954,1,1,250,1,0,0,0,0,0,0,0,0,0,1
600,1955,1,1,250,1,0,0,0,0,0,0,0,0,0,1
600,1956,1,1,250,1,0,0,0,0,0,0,0,0,0,1
600,1957,1,1,500,0,1,0,0,0,1,0,0,0,0,0
600,1958,1,1,500,0,1,0,0,0,1,0,0,0,0,0
600,1975,1,0,1056,1,0,0,0,1,0,0,0,0,0,0
600,1976,1,0,1056,1,0,0,0,1,0,0,0,0,0,0
600,1977,1,0,1056,1,0,0,0,1,0,0,0,0,0,0
600,1978,1,0,1056,1,0,0,0,1,0,0,0,0,0,0
600,1979,1,0,1056,1,0,0,0,1,0,0,0,0,0,0
600,1980,1,0,1056,1,0,0,0,1,0,0,0,0,0,0
600,1981,1,0,1056,1,0,0,0,1,0,0,0,0,0,0
600,1982,1,0,1056,1,0,0,0,1,0,0,0,0,0,0
600,1983,1,0,1056,1,0,0,0,1,0,0,0,0,0,0
600,1991,1,0,0,0,1,0,0,0,0,0,0,0,0,1
615,1954,1,1,1556,1,0,0,0,0,0,0,0,0,0,1
615,1955,1,1,1556,1,0,0,0,0,0,0,0,0,0,1
615,1956,1,1,1556,1,0,0,0,0,0,0,0,0,0,1
615,1957,1,1,1556,1,0,0,0,0,0,0,0,0,0,1
615,1958,1,1,1556,1,0,0,0,0,0,0,0,0,0,1
615,1959,1,1,1556,1,0,0,0,0,0,0,0,0,0,1
615,1960,1,1,1556,1,0,0,0,0,0,0,0,0,0,1
615,1961,1,1,1556,1,0,0,0,0,0,0,0,0,0,1
615,1962,2,1,1956,1,0,1,0,0,1,0,0,0,0,1
615,1963,1,0,400,0,0,1,0,0,1,0,0,0,0,0
615,1976,1,1,500,1,0,0,0,1,0,0,0,0,0,0
615,1992,1,1,0,0,0,1,0,0,0,0,0,1,0,0
615,1993,1,1,0,0,0,1,0,0,0,0,0,1,0,0
615,1994,1,1,0,0,0,1,0,0,0,0,0,1,0,0
615,1995,1,1,0,0,0,1,0,0,0,0,0,1,0,0
615,1996,1,1,0,0,0,1,0,0,0,0,0,1,0,0
615,1997,1,1,0,0,0,1,0,0,0,0,0,1,0,0
615,1998,1,1,0,0,0,1,0,0,0,0,0,1,0,0
615,1999,1,1,0,0,0,1,0,0,0,0,0,1,0,0
616,1952,1,1,333,1,0,0,0,0,0,0,0,0,0,1
616,1953,1,1,333,1,0,0,0,0,0,0,0,0,0,1
616,1954,1,1,333,1,0,0,0,0,0,0,0,0,0,1
620,1979,1,0,500,0,1,0,0,0,1,0,0,0,0,0
620,1980,1,0,250,0,0,1,0,0,1,0,0,0,0,0
620,1981,1,0,250,0,0,1,0,0,1,0,0,0,0,0
620,1983,1,0,250,0,0,1,0,0,1,0,0,0,0,0
620,1984,1,0,250,0,0,1,0,0,1,0,0,0,0,0
620,1986,1,0,3500,0,1,0,0,0,1,0,0,0,0,0
620,1987,1,0,3500,0,1,0,0,0,1,0,0,0,0,0
625,1963,1,0,0,0,0,1,0,0,0,0,0,1,0,0
625,1964,1,0,0,0,0,1,0,0,0,0,0,1,0,0
625,1965,1,0,0,0,0,1,0,0,0,0,0,1,0,0
625,1966,1,0,0,0,0,1,0,0,0,0,0,1,0,0
625,1967,1,0,0,0,0,1,0,0,0,0,0,1,0,0
625,1968,1,0,0,0,0,1,0,0,0,0,0,1,0,0
625,1969,1,0,0,0,0,1,0,0,0,0,0,1,0,0
625,1970,1,0,0,0,0,1,0,0,0,0,0,1,0,0
625,1971,1,0,0,0,0,1,0,0,0,0,0,1,0,0
625,1972,1,0,0,0,0,1,0,0,0,0,0,1,0,0
625,1983,1,0,0,0,0,1,0,0,0,0,0,1,0,0
625,1984,1,0,0,0,0,1,0,0,0,0,0,1,0,0
625,1985,1,0,0,0,0,1,0,0,0,0,0,1,0,0
625,1986,1,0,0,0,0,1,0,0,0,0,0,1,0,0
625,1987,1,0,0,0,0,1,0,0,0,0,0,1,0,0
625,1988,1,0,0,0,0,1,0,0,0,0,0,1,0,0
625,1989,1,0,0,0,0,1,0,0,0,0,0,1,0,0
625,1990,1,0,0,0,0,1,0,0,0,0,0,1,0,0
625,1991,1,0,0,0,0,1,0,0,0,0,0,1,0,0
625,1992,1,0,0,0,0,1,0,0,0,0,0,1,0,0
625,1993,1,0,0,0,0,1,0,0,0,0,0,1,0,0
625,1994,1,0,0,0,0,1,0,0,0,0,0,1,0,0
625,1995,1,0,0,0,0,1,0,0,0,0,0,1,0,0
625,1996,1,0,0,0,0,1,0,0,0,0,0,1,0,0
625,1997,1,0,0,0,0,1,0,0,0,0,0,1,0,0
625,1998,2,0,0,0,0,2,0,0,0,0,0,2,0,0
625,1999,2,0,0,0,0,2,0,0,0,0,0,2,0,0
625,2000,2,0,0,0,0,2,0,0,0,0,0,2,0,0
625,2001,2,0,0,0,0,2,0,0,0,0,0,2,0,0
625,2002,2,0,0,0,0,2,0,0,0,0,0,2,0,0
625,2003,2,0,0,0,0,2,0,0,0,0,1,1,0,0
625,2004,2,0,0,0,0,2,0,0,0,0,1,1,0,0
625,2005,2,0,0,0,0,2,0,0,0,0,1,1,0,0
625,2006,1,0,0,0,0,1,0,0,0,0,1,0,0,0
630,1973,1,0,33,0,0,1,0,0,0,0,0,0,0,1
630,1974,2,0,33,0,0,2,0,0,1,0,0,0,0,1
630,1975,2,0,33,0,0,2,0,0,1,0,0,0,0,1
630,1978,1,1,50,0,0,1,0,0,1,0,0,0,0,0
630,1979,2,1,50,0,0,2,0,0,1,0,0,0,0,1
630,1980,2,0,83333,0,1,1,0,0,0,0,1,0,0,1
630,1981,2,0,83333,0,1,1,0,0,0,0,1,0,0,1
630,1982,2,0,83333,0,1,1,0,0,0,0,1,0,0,1
630,1983,2,0,83333,0,1,1,0,0,0,0,1,0,0,1
630,1984,2,0,83333,0,1,1,0,0,0,0,1,0,0,1
630,1985,2,0,83333,0,1,1,0,0,1,0,1,0,0,0
630,1986,2,0,83333,0,1,1,0,0,1,0,1,0,0,0
630,1987,2,0,83333,0,1,1,0,0,1,0,1,0,0,0
630,1988,2,0,83333,0,1,1,0,0,1,0,1,0,0,0
640,1950,1,0,179,0,1,0,0,0,0,0,1,0,0,0
640,1951,1,0,179,0,1,0,0,0,0,0,1,0,0,0
640,1952,1,0,179,0,1,0,0,0,0,0,1,0,0,0
640,1953,1,0,179,0,1,0,0,0,0,0,1,0,0,0
640,1974,1,2,1000,0,2,0,0,0,0,0,0,0,0,2
640,1984,1,0,500,0,0,1,0,1,0,0,0,0,0,0
640,1985,1,0,500,0,0,1,0,1,0,0,0,0,0,0
640,1986,1,0,500,0,0,1,0,1,0,0,0,0,0,0
640,1991,2,1,539,1,0,1,0,0,0,0,2,0,0,0
640,1992,2,1,539,1,0,1,0,0,0,0,2,0,0,0
640,1993,1,0,389,0,0,1,0,0,0,0,1,0,0,0
640,1994,1,0,389,0,0,1,0,0,0,0,1,0,0,0
640,1995,1,0,389,0,0,1,0,0,0,0,1,0,0,0
640,1996,1,0,389,0,0,1,0,0,0,0,1,0,0,0
640,1997,2,1,489,1,0,1,0,0,0,0,2,0,0,0
640,1998,1,0,389,0,0,1,0,0,0,0,1,0,0,0
640,1999,2,1,389,0,1,1,0,0,0,0,1,0,0,1
645,1948,1,0,500,0,2,0,0,0,2,0,0,0,0,0
645,1959,1,0,0,0,0,1,0,0,0,0,0,0,0,1
645,1961,1,0,167,0,0,1,0,0,0,0,1,0,0,0
645,1962,1,0,167,0,0,1,0,0,0,0,1,0,0,0
645,1963,1,0,167,0,0,1,0,0,0,0,1,0,0,0
645,1965,1,1,250,0,0,1,0,0,0,0,0,1,0,0
645,1966,1,1,250,0,0,1,0,0,0,0,0,1,0,0
645,1969,1,1,400,0,0,1,0,0,0,0,0,1,0,0
645,1970,1,1,400,0,0,1,0,0,0,0,0,1,0,0
645,1973,1,0,278,0,1,0,0,0,1,0,0,0,0,0
645,1974,1,1,3500,0,0,1,0,0,0,0,0,0,0,1
645,1975,1,1,3500,0,0,1,0,0,0,0,0,0,0,1
645,1980,1,1,55556,0,1,0,0,0,0,0,1,0,0,0
645,1981,1,1,55556,0,1,0,0,0,0,0,1,0,0,0
645,1982,1,1,55556,0,1,0,0,0,0,0,1,0,0,0
645,1983,1,1,55556,0,1,0,0,0,0,0,1,0,0,0
645,1984,1,1,55556,0,1,0,0,0,0,0,1,0,0,0
645,1985,2,1,55556,0,1,1,0,0,0,0,1,0,0,1
645,1986,2,1,55556,0,1,1,0,0,0,0,1,0,0,1
645,1987,2,1,55556,0,1,1,0,0,0,0,1,0,0,1
645,1988,2,1,55556,0,1,1,0,0,0,0,1,0,0,1
645,1990,1,1,20000,0,1,0,0,0,1,0,0,0,0,0
645,1991,2,1,20000,0,1,1,0,0,1,0,0,0,0,1
645,1996,1,0,0,0,0,1,0,0,0,0,1,0,0,0
645,2003,1,0,7000,0,1,0,0,0,0,0,0,0,1,0
645,2004,1,0,2160,1,0,0,0,0,0,1,0,0,0,0
645,2005,1,0,2160,1,0,0,0,0,0,1,0,0,0,0
645,2006,1,0,2160,1,0,0,0,0,0,1,0,0,0,0
645,2007,1,0,2160,1,0,0,0,0,0,1,0,0,0,0
645,2008,1,0,2160,1,0,0,0,0,0,1,0,0,0,0
651,1948,1,0,1334,0,2,0,0,0,2,0,0,0,0,0
651,1949,1,0,667,0,1,0,0,0,1,0,0,0,0,0
651,1956,1,0,3000,0,1,0,0,0,1,0,0,0,0,0
651,1962,1,0,1667,0,0,1,0,0,0,0,0,0,0,1
651,1963,1,0,1667,0,0,1,0,0,0,0,0,0,0,1
651,1964,1,0,1667,0,0,1,0,0,0,0,0,0,0,1
651,1965,1,0,1667,0,0,1,0,0,0,0,0,0,0,1
651,1966,1,0,1667,0,0,1,0,0,0,0,0,0,0,1
651,1967,2,0,11667,0,1,1,0,0,1,0,0,0,0,1
651,1969,1,1,2500,0,1,0,0,0,0,0,1,0,0,0
651,1970,1,1,2500,0,1,0,0,0,0,0,1,0,0,0
651,1973,1,1,7700,0,1,0,0,0,1,0,0,0,0,0
651,1991,1,0,14,0,1,0,0,0,0,0,0,0,0,1
652,1948,1,0,1000,0,2,0,0,0,2,0,0,0,0,0
652,1967,1,0,2500,0,1,0,0,0,1,0,0,0,0,0
652,1970,1,0,100,0,0,1,0,0,1,0,0,0,0,0
652,1973,1,1,3500,0,1,0,0,0,1,0,0,0,0,0
652,1976,1,0,500,0,0,1,0,0,0,0,0,1,0,0
652,1978,1,1,800,0,0,1,0,0,0,0,1,0,0,0
652,1981,1,0,500,0,0,1,0,0,0,0,0,0,0,1
652,1982,2,0,1700,0,1,1,0,0,0,0,1,0,0,1
652,1989,1,0,75,0,0,1,0,0,0,0,0,0,0,1
652,1990,1,0,75,0,0,1,0,0,0,0,0,0,0,1
652,1991,1,0,0,0,1,0,0,0,0,0,0,0,0,1
660,1948,1,0,500,0,2,0,0,0,2,0,0,0,0,0
660,1958,1,0,0,0,0,1,0,0,0,0,0,0,0,1
660,1975,1,0,0,0,0,1,0,0,0,0,0,1,0,0
660,1976,1,0,0,0,0,1,0,0,0,0,0,1,0,0
660,1983,1,0,0,0,0,1,0,0,1,0,0,0,0,0
660,1984,1,0,0,0,0,1,0,0,1,0,0,0,0,0
660,1989,1,1,0,0,0,1,0,0,1,0,0,0,0,0
660,1990,1,1,0,0,0,1,0,0,1,0,0,0,0,0
663,1948,1,2,1000,0,2,0,0,0,2,0,0,0,0,0
663,1967,1,0,6100,0,1,0,0,0,1,0,0,0,0,0
663,1970,1,1,750,0,0,1,0,0,0,0,0,0,0,1
663,1973,1,0,23,0,1,0,0,0,1,0,0,0,0,0
666,1948,1,0,2000,0,2,0,0,0,0,0,0,0,0,2
666,1949,1,0,1000,0,1,0,0,0,0,0,0,0,0,1
666,1956,1,1,189,0,1,0,0,0,0,0,0,0,0,1
666,1967,1,1,1000,0,1,0,0,0,0,0,0,0,0,1
666,1969,1,0,184,0,1,0,0,0,0,0,1,0,0,0
666,1970,1,0,184,0,1,0,0,0,0,0,1,0,0,0
666,1973,1,0,2838,0,1,0,0,0,0,0,0,0,0,1
666,1978,1,0,0,0,0,1,0,0,0,0,1,0,0,0
666,1982,1,1,455,0,1,0,0,0,0,0,1,0,0,0
666,2000,1,0,225,1,0,0,0,0,0,0,0,0,0,1
666,2001,1,0,225,1,0,0,0,0,0,0,0,0,0,1
666,2002,1,0,225,1,0,0,0,0,0,0,0,0,0,1
666,2003,1,0,225,1,0,0,0,0,0,0,0,0,0,1
670,1973,1,0,100,0,1,0,0,0,1,0,0,0,0,0
670,1991,1,0,44,0,1,0,0,0,0,0,0,0,0,1
678,1948,1,0,0,0,0,1,0,0,0,0,0,0,0,1
678,1962,1,0,0,0,0,1,0,0,0,0,0,0,0,1
678,1963,1,0,0,0,0,1,0,0,0,0,0,0,0,1
678,1964,1,0,0,0,0,1,0,0,0,0,0,0,0,1
678,1965,1,0,0,0,0,1,0,0,0,0,0,0,0,1
678,1966,1,0,0,0,0,1,0,0,0,0,0,0,0,1
678,1967,1,0,0,0,0,1,0,0,0,0,0,0,0,1
678,1968,1,0,0,0,0,1,0,0,0,0,0,0,0,1
678,1969,1,0,0,0,0,1,0,0,0,0,0,0,0,1
679,1994,1,0,0,0,0,1,0,0,0,0,0,0,0,1
679,2004,1,0,450,0,0,1,0,0,0,0,0,0,0,1
679,2005,1,0,450,0,0,1,0,0,0,0,0,0,0,1
679,2007,1,0,1500,0,0,1,0,0,0,0,1,0,0,0
680,1986,1,1,4200,0,0,1,0,0,1,0,0,0,0,0
690,1990,1,0,500,0,1,0,0,0,0,0,0,0,0,1
690,1991,1,0,500,0,1,0,0,0,0,0,0,0,0,1
694,1991,1,0,0,0,1,0,0,0,0,0,0,0,0,1
696,1991,1,0,6,0,1,0,0,0,0,0,0,0,0,1
698,1968,1,0,0,0,0,0,1,0,0,0,1,0,0,0
698,1969,1,0,0,0,0,0,1,0,0,0,1,0,0,0
698,1970,1,0,0,0,0,0,1,0,0,0,1,0,0,0
698,1971,1,0,0,0,0,0,1,0,0,0,1,0,0,0
698,1973,1,1,123,0,0,1,0,0,0,0,0,0,0,1
698,1974,1,1,123,0,0,1,0,0,0,0,0,0,0,1
698,1975,1,1,123,0,0,1,0,0,0,0,0,0,0,1
698,1991,1,0,0,0,1,0,0,0,0,0,0,0,0,1
700,1978,2,0,5733,0,0,2,0,0,1,0,0,0,1,0
700,1979,1,0,3933,0,0,1,0,0,0,0,0,0,1,0
700,1980,2,0,6933,1,0,1,0,0,0,0,0,0,2,0
700,1981,1,0,3000,1,0,0,0,0,0,0,0,0,1,0
700,1982,1,0,3000,1,0,0,0,0,0,0,0,0,1,0
700,1983,1,0,3000,1,0,0,0,0,0,0,0,0,1,0
700,1984,1,0,3000,1,0,0,0,0,0,0,0,0,1,0
700,1985,1,0,3000,1,0,0,0,0,0,0,0,0,1,0
700,1986,1,0,3000,1,0,0,0,0,0,0,0,0,1,0
700,1987,1,0,3000,1,0,0,0,0,0,0,0,0,1,0
700,1988,1,0,3000,1,0,0,0,0,0,0,0,0,1,0
700,1989,2,0,3000,1,0,1,0,0,0,0,0,0,2,0
700,1990,1,0,0,0,0,1,0,0,0,0,0,0,1,0
700,1991,1,0,0,0,0,1,0,0,0,0,0,0,1,0
700,1992,1,0,0,0,0,1,0,0,0,0,0,0,1,0
700,1993,1,0,0,0,0,1,0,0,0,0,0,0,1,0
700,1994,1,0,0,0,0,1,0,0,0,0,0,0,1,0
700,1995,1,0,0,0,0,1,0,0,0,0,0,0,1,0
700,1996,1,0,0,0,0,1,0,0,0,0,0,0,1,0
700,1997,1,0,0,0,0,1,0,0,0,0,0,0,1,0
700,1998,1,0,0,0,0,1,0,0,0,0,0,0,1,0
700,1999,1,0,0,0,0,1,0,0,0,0,0,0,1,0
700,2000,1,0,0,0,0,1,0,0,0,0,0,0,1,0
700,2001,3,1,4200,1,1,1,0,0,0,1,0,0,2,0
700,2002,1,1,200,1,0,0,0,0,0,1,0,0,0,0
700,2003,1,1,200,1,0,0,0,0,0,1,0,0,0,0
700,2004,1,1,200,1,0,0,0,0,0,1,0,0,0,0
700,2005,1,1,200,1,0,0,0,0,0,1,0,0,0,0
700,2006,1,1,200,1,0,0,0,0,0,1,0,0,0,0
700,2007,1,1,200,1,0,0,0,0,0,1,0,0,0,0
700,2008,1,1,200,1,0,0,0,0,0,1,0,0,0,0
702,1992,1,0,0,0,0,1,0,0,0,0,0,1,0,0
702,1993,1,0,0,0,0,1,0,0,0,0,0,1,0,0
702,1994,1,0,0,0,0,1,0,0,0,0,0,1,0,0
702,1995,1,0,0,0,0,1,0,0,0,0,0,1,0,0
702,1996,1,0,0,0,0,1,0,0,0,0,0,1,0,0
702,1997,1,0,0,0,0,1,0,0,0,0,0,1,0,0
710,1946,1,0,65520,0,0,1,0,0,1,0,0,0,0,0
710,1947,2,0,65770,0,0,2,0,0,1,0,0,0,0,1
710,1948,1,0,65520,0,0,1,0,0,1,0,0,0,0,0
710,1949,1,0,65520,0,0,1,0,0,1,0,0,0,0,0
710,1950,3,1,181173,1,1,1,0,0,1,0,1,0,0,1
710,1951,1,0,105653,0,1,0,0,0,0,0,1,0,0,0
710,1952,1,0,105653,0,1,0,0,0,0,0,1,0,0,0
710,1953,1,0,105653,0,1,0,0,0,0,0,1,0,0,0
710,1954,1,1,502,0,1,0,0,0,0,0,0,0,0,1
710,1955,1,1,502,0,1,0,0,0,0,0,0,0,0,1
710,1956,1,0,1000,0,0,1,0,0,0,0,0,0,0,1
710,1957,1,0,1000,0,0,1,0,0,0,0,0,0,0,1
710,1958,2,1,1300,0,1,1,0,0,0,0,1,0,0,1
710,1959,1,0,1000,0,0,1,0,0,0,0,0,0,0,1
710,1962,1,1,500,0,1,0,0,0,0,0,0,0,0,1
710,1967,1,0,0,0,0,1,0,0,0,0,0,0,0,1
710,1968,1,0,0,0,0,1,0,0,0,0,0,0,0,1
710,1979,1,1,13000,0,1,0,0,0,0,0,0,0,0,1
710,1987,1,1,1800,0,1,0,0,0,0,0,1,0,0,0
713,1954,1,0,684,0,1,0,0,0,1,0,0,0,0,0
713,1955,1,0,684,0,1,0,0,0,1,0,0,0,0,0
713,1958,1,0,1500,0,1,0,0,0,0,0,1,0,0,0
731,1950,1,1,79145,0,1,0,0,0,0,0,1,0,0,0
731,1951,1,1,79145,0,1,0,0,0,0,0,1,0,0,0
731,1952,1,1,79145,0,1,0,0,0,0,0,1,0,0,0
731,1953,1,1,79145,0,1,0,0,0,0,0,1,0,0,0
732,1948,1,0,0,0,0,0,1,0,0,0,0,0,0,1
732,1949,1,0,0,0,0,0,1,0,0,0,0,0,0,1
732,1950,1,0,28312,0,1,0,0,0,0,0,1,0,0,0
732,1951,1,0,28312,0,1,0,0,0,0,0,1,0,0,0
732,1952,1,0,28312,0,1,0,0,0,0,0,1,0,0,0
732,1953,1,0,28312,0,1,0,0,0,0,0,1,0,0,0
732,1965,1,0,521,0,1,0,0,0,1,0,0,0,0,0
732,1966,1,0,521,0,1,0,0,0,1,0,0,0,0,0
732,1967,1,0,521,0,1,0,0,0,1,0,0,0,0,0
732,1968,1,0,521,0,1,0,0,0,1,0,0,0,0,0
732,1969,1,0,521,0,1,0,0,0,1,0,0,0,0,0
732,1970,1,0,521,0,1,0,0,0,1,0,0,0,0,0
732,1971,1,0,521,0,1,0,0,0,1,0,0,0,0,0
732,1972,1,0,521,0,1,0,0,0,1,0,0,0,0,0
732,1973,1,0,521,0,1,0,0,0,1,0,0,0,0,0
732,2004,1,0,0,1,0,0,0,0,0,1,0,0,0,0
732,2005,1,0,0,1,0,0,0,0,0,1,0,0,0,0
732,2006,1,0,0,1,0,0,0,0,0,1,0,0,0,0
732,2007,1,0,0,1,0,0,0,0,0,1,0,0,0,0
732,2008,1,0,0,1,0,0,0,0,0,1,0,0,0,0
750,1947,1,1,833,0,1,0,0,0,0,0,1,0,0,0
750,1948,2,2,843,1,1,0,0,0,0,0,1,0,0,1
750,1949,1,1,833,0,1,0,0,0,0,0,1,0,0,0
750,1962,1,0,1353,0,1,0,0,0,1,0,0,0,0,0
750,1965,1,0,3261,0,1,0,0,0,1,0,0,0,0,0
750,1970,1,0,50,0,0,1,0,0,0,0,0,0,0,1
750,1971,2,0,3291,0,1,1,0,0,0,0,0,0,0,2
750,1984,1,1,0,0,0,1,0,0,0,0,1,0,0,0
750,1987,1,0,289,0,0,1,0,0,0,0,0,1,0,0
750,1988,1,0,289,0,0,1,0,0,0,0,0,1,0,0
750,1989,1,0,289,0,0,1,0,0,0,0,0,1,0,0
750,1990,2,0,664,0,0,2,0,1,0,0,0,1,0,0
750,1991,1,0,375,0,0,1,0,1,0,0,0,0,0,0
750,1992,1,0,375,0,0,1,0,1,0,0,0,0,0,0
750,1993,1,0,375,0,0,1,0,1,0,0,0,0,0,0
750,1994,1,0,375,0,0,1,0,1,0,0,0,0,0,0
750,1995,1,0,375,0,0,1,0,1,0,0,0,0,0,0
750,1996,1,0,375,0,0,1,0,1,0,0,0,0,0,0
750,1997,1,0,375,0,0,1,0,1,0,0,0,0,0,0
750,1998,1,0,375,0,0,1,0,1,0,0,0,0,0,0
750,1999,2,0,849,0,1,1,0,1,0,0,0,0,0,1
750,2000,1,0,375,0,0,1,0,1,0,0,0,0,0,0
750,2001,1,0,375,0,0,1,0,1,0,0,0,0,0,0
750,2002,1,0,375,0,0,1,0,1,0,0,0,0,0,0
750,2003,1,0,375,0,0,1,0,1,0,0,0,0,0,0
750,2004,1,0,375,0,0,1,0,1,0,0,0,0,0,0
750,2005,1,0,375,0,0,1,0,1,0,0,0,0,0,0
770,1947,1,0,333,0,1,0,0,0,0,0,1,0,0,0
770,1948,1,0,333,0,1,0,0,0,0,0,1,0,0,0
770,1949,1,0,333,0,1,0,0,0,0,0,1,0,0,0
770,1965,1,1,3800,0,1,0,0,0,0,0,0,0,0,1
770,1971,2,2,10482,0,1,1,0,0,1,0,0,0,1,0
770,1973,1,0,660,0,0,1,0,0,0,0,0,0,0,1
770,1974,1,0,660,0,0,1,0,0,0,0,0,0,0,1
770,1975,1,0,660,0,0,1,0,0,0,0,0,0,0,1
770,1976,1,0,660,0,0,1,0,0,0,0,0,0,0,1
770,1977,1,0,660,0,0,1,0,0,0,0,0,0,0,1
770,1992,1,0,6,0,0,1,0,0,0,0,0,1,0,0
770,1993,1,0,6,0,0,1,0,0,0,0,0,1,0,0
770,1994,1,0,6,0,0,1,0,0,0,0,0,1,0,0
770,1995,1,0,6,0,0,1,0,0,0,0,0,1,0,0
770,1999,1,1,698,0,1,0,0,0,1,0,0,0,0,0
770,2004,1,1,400,0,0,1,0,0,1,0,0,0,0,0
770,2005,1,1,400,0,0,1,0,0,1,0,0,0,0,0
770,2006,1,1,400,0,0,1,0,0,1,0,0,0,0,0
775,1948,1,0,0,0,0,1,0,0,0,0,0,0,0,1
775,1949,1,0,0,0,0,1,0,0,0,0,0,0,0,1
775,1950,1,0,0,0,0,1,0,0,0,0,0,0,0,1
775,1951,1,0,0,0,0,1,0,0,0,0,0,0,0,1
775,1958,1,0,283,0,0,1,0,1,0,0,0,0,0,0
775,1959,1,0,283,0,0,1,0,1,0,0,0,0,0,0
775,1960,1,0,283,0,0,1,0,1,0,0,0,0,0,0
775,1967,1,0,486,0,0,1,0,1,0,0,0,0,0,0
775,1968,1,0,486,0,0,1,0,1,0,0,0,0,0,0
775,1969,1,0,486,0,0,1,0,1,0,0,0,0,0,0
775,1970,1,0,486,0,0,1,0,1,0,0,0,0,0,0
775,1971,1,0,486,0,0,1,0,1,0,0,0,0,0,0
775,1972,1,0,486,0,0,1,0,1,0,0,0,0,0,0
775,1973,1,0,486,0,0,1,0,1,0,0,0,0,0,0
775,1974,1,0,486,0,0,1,0,1,0,0,0,0,0,0
775,1975,1,0,486,0,0,1,0,1,0,0,0,0,0,0
775,1976,1,0,486,0,0,1,0,1,0,0,0,0,0,0
775,1977,1,0,486,0,0,1,0,1,0,0,0,0,0,0
775,1978,1,0,486,0,0,1,0,1,0,0,0,0,0,0
775,1979,1,0,486,0,0,1,0,1,0,0,0,0,0,0
775,1980,1,0,486,0,0,1,0,1,0,0,0,0,0,0
775,1983,1,0,467,0,0,1,0,0,0,0,0,0,0,1
775,1984,1,0,467,0,0,1,0,0,0,0,0,0,0,1
775,1985,1,0,467,0,0,1,0,0,0,0,0,0,0,1
775,1986,1,0,467,0,0,1,0,0,0,0,0,0,0,1
775,1987,1,0,467,0,0,1,0,0,0,0,0,0,0,1
775,1988,2,0,467,0,0,2,0,0,0,0,0,0,0,2
780,1971,1,0,53,0,0,1,0,0,0,0,0,0,0,1
780,1983,1,0,425,0,0,1,0,0,0,0,0,1,0,0
780,1984,1,0,425,0,0,1,0,0,0,0,0,1,0,0
780,1985,1,0,425,0,0,1,0,0,0,0,0,1,0,0
780,1986,1,0,425,0,0,1,0,0,0,0,0,1,0,0
780,1987,2,0,425,0,0,2,0,0,0,0,0,1,0,1
780,1988,2,0,425,0,0,2,0,0,0,0,0,1,0,1
780,1989,2,0,425,0,0,2,0,0,0,0,0,1,0,1
780,1990,1,0,425,0,0,1,0,0,0,0,0,1,0,0
780,1991,1,0,425,0,0,1,0,0,0,0,0,1,0,0
780,1992,1,0,425,0,0,1,0,0,0,0,0,1,0,0
780,1993,1,0,425,0,0,1,0,0,0,0,0,1,0,0
780,1994,1,0,425,0,0,1,0,0,0,0,0,1,0,0
780,1995,1,0,425,0,0,1,0,0,0,0,0,1,0,0
780,1996,1,0,425,0,0,1,0,0,0,0,0,1,0,0
780,1997,1,0,425,0,0,1,0,0,0,0,0,1,0,0
780,1998,1,0,425,0,0,1,0,0,0,0,0,1,0,0
780,1999,1,0,425,0,0,1,0,0,0,0,0,1,0,0
780,2000,1,0,425,0,0,1,0,0,0,0,0,1,0,0
780,2001,1,0,425,0,0,1,0,0,0,0,0,1,0,0
780,2002,1,0,425,0,0,1,0,0,0,0,0,1,0,0
780,2006,1,1,0,0,0,1,0,0,0,1,0,0,0,0
780,2007,1,1,0,0,0,1,0,0,0,1,0,0,0,0
780,2008,1,1,0,0,0,1,0,0,0,1,0,0,0,0
790,2001,1,0,227,0,0,1,0,0,0,0,1,0,0,0
790,2002,1,0,227,0,0,1,0,0,0,0,1,0,0,0
790,2003,2,0,542,0,0,2,0,0,0,0,1,1,0,0
790,2004,1,0,315,0,0,1,0,0,0,0,0,1,0,0
790,2005,1,0,315,0,0,1,0,0,0,0,0,1,0,0
790,2006,1,0,315,0,0,1,0,0,0,0,0,1,0,0
800,1951,1,0,38,0,1,0,0,0,0,0,1,0,0,0
800,1952,1,0,38,0,1,0,0,0,0,0,1,0,0,0
800,1953,1,0,38,0,1,0,0,0,0,0,1,0,0,0
800,1967,1,0,50,0,1,0,0,0,1,0,0,0,0,0
800,1968,1,0,50,0,1,0,0,0,1,0,0,0,0,0
800,1969,1,0,50,0,1,0,0,0,1,0,0,0,0,0
800,1970,2,0,50,0,2,0,0,0,2,0,0,0,0,0
800,1971,2,0,50,0,2,0,0,0,2,0,0,0,0,0
800,1972,3,0,800,0,2,1,0,0,2,0,1,0,0,0
800,1973,3,0,800,0,2,1,0,0,2,0,1,0,0,0
811,1970,2,0,2917,0,2,0,0,0,1,0,0,0,1,0
811,1971,3,0,11917,0,2,1,0,0,2,0,0,0,1,0
811,1972,2,0,9417,0,1,1,0,0,2,0,0,0,0,0
811,1973,2,0,9417,0,1,1,0,0,2,0,0,0,0,0
811,1974,2,0,9417,0,1,1,0,0,2,0,0,0,0,0
811,1975,2,0,9417,0,1,1,0,0,2,0,0,0,0,0
811,1977,1,1,1667,0,1,0,0,0,0,0,0,0,1,0
811,1978,1,1,1667,0,1,0,0,0,0,0,0,0,1,0
811,1979,2,1,3031,1,1,0,0,0,0,0,0,0,2,0
811,1980,1,0,1364,1,0,0,0,0,0,0,0,0,1,0
811,1981,1,0,1364,1,0,0,0,0,0,0,0,0,1,0
811,1982,1,0,1364,1,0,0,0,0,0,0,0,0,1,0
811,1983,1,0,1364,1,0,0,0,0,0,0,0,0,1,0
811,1984,1,0,1364,1,0,0,0,0,0,0,0,0,1,0
811,1985,1,0,1364,1,0,0,0,0,0,0,0,0,1,0
811,1986,1,0,1364,1,0,0,0,0,0,0,0,0,1,0
811,1987,1,0,1364,1,0,0,0,0,0,0,0,0,1,0
811,1988,1,0,1364,1,0,0,0,0,0,0,0,0,1,0
811,1989,2,0,1364,1,0,1,0,0,0,0,0,1,1,0
811,1990,1,0,0,0,0,1,0,0,0,0,0,1,0,0
811,1991,1,0,0,0,0,1,0,0,0,0,0,1,0,0
811,1993,1,0,0,0,0,1,0,0,0,0,0,0,0,1
811,1994,1,0,0,0,0,1,0,0,0,0,0,0,0,1
811,1995,1,0,0,0,0,1,0,0,0,0,0,0,0,1
811,1996,1,0,0,0,0,1,0,0,0,0,0,0,0,1
811,1997,1,0,0,0,0,1,0,0,0,0,0,0,0,1
812,1960,1,0,1333,0,0,1,0,0,0,0,0,1,0,0
812,1961,1,0,1333,0,0,1,0,0,0,0,0,1,0,0
812,1962,1,0,1333,0,0,1,0,0,0,0,0,1,0,0
812,1963,1,0,1875,0,0,1,0,0,0,0,0,0,1,0
812,1964,1,0,1875,0,0,1,0,0,0,0,0,0,1,0
812,1965,1,0,1875,0,0,1,0,0,0,0,0,0,1,0
812,1966,1,0,1875,0,0,1,0,0,0,0,0,0,1,0
812,1967,1,0,1875,0,0,1,0,0,0,0,0,0,1,0
812,1968,2,0,3750,0,1,1,0,0,1,0,0,0,1,0
812,1969,1,0,1875,0,1,0,0,0,1,0,0,0,0,0
812,1970,1,0,1875,0,1,0,0,0,1,0,0,0,0,0
812,1971,1,0,1875,0,1,0,0,0,1,0,0,0,0,0
812,1972,1,0,1875,0,1,0,0,0,1,0,0,0,0,0
812,1973,1,0,1875,0,1,0,0,0,1,0,0,0,0,0
812,1976,1,0,250,0,0,1,0,0,0,0,0,0,0,1
812,1977,1,0,250,0,0,1,0,0,0,0,0,0,0,1
812,1978,1,0,250,0,0,1,0,0,0,0,0,0,0,1
812,1979,1,0,250,0,0,1,0,0,0,0,0,0,0,1
816,1961,1,0,0,0,0,1,0,0,0,0,0,1,0,0
816,1962,1,0,0,0,0,1,0,0,0,0,0,1,0,0
816,1963,1,0,375,0,0,1,0,0,0,0,0,0,1,0
816,1964,1,0,375,0,0,1,0,0,0,0,0,0,1,0
816,1965,2,0,64011,0,1,1,0,0,0,0,0,0,1,1
816,1966,2,0,64011,0,1,1,0,0,0,0,0,0,1,1
816,1967,2,0,64011,0,1,1,0,0,0,0,0,0,1,1
816,1968,3,1,64386,0,2,1,0,0,0,0,0,0,1,2
816,1969,2,1,64011,0,2,0,0,0,0,0,0,0,0,2
816,1970,3,2,64211,0,3,0,0,0,0,0,0,0,1,2
816,1971,3,2,64211,0,3,0,0,0,0,0,0,0,1,2
816,1972,2,1,64011,0,2,0,0,0,0,0,0,0,0,2
816,1973,2,1,64011,0,2,0,0,0,0,0,0,0,0,2
816,1974,1,0,63636,0,1,0,0,0,0,0,0,0,0,1
816,1975,1,0,63636,0,1,0,0,0,0,0,0,0,0,1
816,1976,1,0,250,0,0,1,0,0,0,0,0,0,0,1
816,1977,2,0,1250,0,1,1,0,0,0,0,0,0,1,1
816,1978,2,0,1250,0,1,1,0,0,0,0,0,0,1,1
816,1979,4,1,11550,1,2,1,0,0,1,0,0,0,2,1
816,1980,1,1,2300,1,0,0,0,0,0,0,0,0,1,0
816,1981,1,1,2300,1,0,0,0,0,0,0,0,0,1,0
816,1982,1,1,2300,1,0,0,0,0,0,0,0,0,1,0
816,1983,1,1,2300,1,0,0,0,0,0,0,0,0,1,0
816,1984,1,1,2300,1,0,0,0,0,0,0,0,0,1,0
816,1985,1,1,2300,1,0,0,0,0,0,0,0,0,1,0
816,1986,1,1,2300,1,0,0,0,0,0,0,0,0,1,0
816,1987,2,1,4500,1,1,0,0,0,0,0,1,0,1,0
816,1988,1,1,2300,1,0,0,0,0,0,0,0,0,1,0
816,1989,1,1,2300,1,0,0,0,0,0,0,0,0,1,0
817,1960,1,0,3883,0,0,1,0,0,0,0,0,0,1,0
817,1961,1,0,3883,0,0,1,0,0,0,0,0,0,1,0
817,1962,1,0,3883,0,0,1,0,0,0,0,0,0,1,0
817,1963,1,0,3883,0,0,1,0,0,0,0,0,0,1,0
817,1964,1,0,3883,0,0,1,0,0,0,0,0,0,1,0
817,1965,2,0,26997,0,1,1,0,0,1,0,0,0,1,0
817,1966,1,0,23114,0,1,0,0,0,1,0,0,0,0,0
817,1967,1,0,23114,0,1,0,0,0,1,0,0,0,0,0
817,1968,1,0,23114,0,1,0,0,0,1,0,0,0,0,0
817,1969,1,0,23114,0,1,0,0,0,1,0,0,0,0,0
817,1970,2,0,23614,0,2,0,0,0,1,0,0,0,1,0
817,1971,2,0,23614,0,2,0,0,0,1,0,0,0,1,0
817,1972,1,0,23114,0,1,0,0,0,1,0,0,0,0,0
817,1973,1,0,23114,0,1,0,0,0,1,0,0,0,0,0
817,1974,1,0,23114,0,1,0,0,0,1,0,0,0,0,0
817,1975,1,0,23114,0,1,0,0,0,1,0,0,0,0,0
840,1950,2,0,343,0,1,1,0,0,0,0,1,0,0,1
840,1951,2,0,343,0,1,1,0,0,0,0,1,0,0,1
840,1952,2,0,343,0,1,1,0,0,0,0,1,0,0,1
840,1953,2,0,343,0,1,1,0,0,0,0,1,0,0,1
840,1954,1,0,320,0,0,1,0,0,0,0,0,0,0,1
840,1966,1,0,125,0,1,0,0,0,1,0,0,0,0,0
840,1967,1,0,125,0,1,0,0,0,1,0,0,0,0,0
840,1968,1,0,125,0,1,0,0,0,1,0,0,0,0,0
840,1969,1,0,125,0,1,0,0,0,1,0,0,0,0,0
840,1970,1,0,125,0,1,0,0,0,1,0,0,0,0,0
840,1971,1,0,125,0,1,0,0,0,1,0,0,0,0,0
840,1972,3,0,1554,0,1,2,0,0,1,0,1,0,0,1
840,1973,3,0,1554,0,1,2,0,0,1,0,1,0,0,1
840,1974,2,0,1429,0,0,2,0,0,0,0,1,0,0,1
840,1975,2,0,1429,0,0,2,0,0,0,0,1,0,0,1
840,1976,2,0,1429,0,0,2,0,0,0,0,1,0,0,1
840,1977,2,0,1429,0,0,2,0,0,0,0,1,0,0,1
840,1978,2,0,1429,0,0,2,0,0,0,0,1,0,0,1
840,1979,2,0,1429,0,0,2,0,0,0,0,1,0,0,1
840,1980,2,0,1429,0,0,2,0,0,0,0,1,0,0,1
840,1981,2,0,1429,0,0,2,0,0,0,0,1,0,0,1
840,1982,1,0,429,0,0,1,0,0,0,0,1,0,0,0
840,1983,1,0,429,0,0,1,0,0,0,0,1,0,0,0
840,1984,1,0,429,0,0,1,0,0,0,0,1,0,0,0
840,1985,1,0,429,0,0,1,0,0,0,0,1,0,0,0
840,1986,1,0,429,0,0,1,0,0,0,0,1,0,0,0
840,1987,1,0,429,0,0,1,0,0,0,0,1,0,0,0
840,1988,1,0,429,0,0,1,0,0,0,0,1,0,0,0
840,1989,1,0,429,0,0,1,0,0,0,0,1,0,0,0
840,1990,1,0,429,0,0,1,0,0,0,0,1,0,0,0
840,1991,1,0,429,0,0,1,0,0,0,0,1,0,0,0
840,1992,1,0,429,0,0,1,0,0,0,0,1,0,0,0
840,2000,1,1,0,0,0,1,0,0,0,0,0,1,0,0
840,2001,1,1,0,0,0,1,0,0,0,0,0,1,0,0
840,2003,1,1,410,0,0,1,0,1,0,0,0,0,0,0
840,2005,1,1,362,0,0,1,0,1,0,0,0,0,0,0
840,2006,1,1,362,0,0,1,0,1,0,0,0,0,0,0
850,1946,1,1,3600,1,0,0,0,0,0,0,0,1,0,0
850,1950,1,0,0,0,0,1,0,0,0,0,0,0,0,1
850,1953,1,0,1700,0,0,1,0,0,0,0,0,0,0,1
850,1956,1,0,529,0,0,1,0,0,0,0,0,0,0,1
850,1957,1,0,529,0,0,1,0,0,0,0,0,0,0,1
850,1958,1,0,529,0,0,1,0,0,0,0,0,0,0,1
850,1959,1,0,529,0,0,1,0,0,0,0,0,0,0,1
850,1960,1,0,529,0,0,1,0,0,0,0,0,0,0,1
850,1961,1,0,529,0,0,1,0,0,0,0,0,0,0,1
850,1962,1,0,529,0,0,1,0,0,0,0,0,0,0,1
850,1965,1,0,0,0,0,1,0,0,0,0,1,0,0,0
850,1966,1,0,0,0,0,1,0,0,0,0,1,0,0,0
850,1967,1,0,0,0,0,1,0,0,0,0,1,0,0,0
850,1968,1,0,0,0,0,1,0,0,0,0,1,0,0,0
850,1969,1,0,0,0,0,1,0,0,0,0,1,0,0,0
850,1975,1,1,6250,1,0,0,0,0,0,0,0,0,1,0
850,1976,3,1,6733,1,0,2,0,0,0,0,1,0,1,1
850,1977,2,0,483,0,0,2,0,0,0,0,1,0,0,1
850,1978,2,0,483,0,0,2,0,0,0,0,1,0,0,1
850,1979,1,0,450,0,0,1,0,0,0,0,0,0,0,1
850,1989,1,0,0,0,0,1,0,0,0,0,0,0,0,1
850,1990,1,0,0,0,0,1,0,0,0,0,0,0,0,1
850,1991,1,0,0,0,0,1,0,0,0,0,0,0,0,1
850,1999,1,0,82,0,0,1,0,0,0,0,0,1,0,0
850,2000,1,0,82,0,0,1,0,0,0,0,0,1,0,0
850,2001,1,0,82,0,0,1,0,0,0,0,0,1,0,0
850,2002,1,0,82,0,0,1,0,0,0,0,0,1,0,0
850,2003,1,1,150,0,0,1,0,0,0,0,0,0,0,1
900,1950,1,0,73,0,1,0,0,0,0,0,1,0,0,0
900,1951,1,0,73,0,1,0,0,0,0,0,1,0,0,0
900,1952,1,0,73,0,1,0,0,0,0,0,1,0,0,0
900,1953,1,0,73,0,1,0,0,0,0,0,1,0,0,0
900,1965,1,0,62,0,1,0,0,0,1,0,0,0,0,0
900,1966,1,0,62,0,1,0,0,0,1,0,0,0,0,0
900,1967,1,0,62,0,1,0,0,0,1,0,0,0,0,0
900,1968,1,0,62,0,1,0,0,0,1,0,0,0,0,0
900,1969,1,0,62,0,1,0,0,0,1,0,0,0,0,0
900,1970,1,0,62,0,1,0,0,0,1,0,0,0,0,0
900,1971,1,0,62,0,1,0,0,0,1,0,0,0,0,0
900,1972,1,0,62,0,1,0,0,0,1,0,0,0,0,0
900,1992,1,0,0,0,0,1,0,0,0,0,0,1,0,0
900,1993,1,0,0,0,0,1,0,0,0,0,0,1,0,0
900,1994,1,0,0,0,0,1,0,0,0,0,0,1,0,0
900,1995,1,0,0,0,0,1,0,0,0,0,0,1,0,0
900,2001,2,1,1,1,1,0,0,0,0,1,0,0,1,0
900,2002,1,1,1,1,0,0,0,0,0,1,0,0,0,0
900,2003,3,3,1,2,1,0,0,0,0,2,0,0,1,0
900,2004,2,2,1,2,0,0,0,0,0,2,0,0,0,0
900,2005,2,2,1,2,0,0,0,0,0,2,0,0,0,0
900,2006,2,2,1,2,0,0,0,0,0,2,0,0,0,0
900,2007,2,2,1,2,0,0,0,0,0,2,0,0,0,0
900,2008,2,2,1,2,0,0,0,0,0,2,0,0,0,0
910,1989,1,1,0,0,0,1,0,1,0,0,0,0,0,0
910,1990,1,1,0,0,0,1,0,1,0,0,0,0,0,0
910,1991,1,1,0,0,0,1,0,1,0,0,0,0,0,0
910,1992,1,1,0,0,0,1,0,1,0,0,0,0,0,0
